persName.en	New URI	Century						Source 1	citedRange pp.Source 1	Source 2	citedRange pp.Source 2		Source 3	citedRange pp.Source 3	Source 4	citedRange section.Source 4	Source 5	citedRange pp.Source 5	Source 6	citedRange pp.Source 6	Source 7	citedRange pp.Source 7	Source 8	citedRange pp.Source 8	Source 9	citedRange pp.Source 9	persName.en	persName.Source 7.fr	persName.Source 1.de-x-baumstark	German Full	German Given	German Family	German Titles	German Titles 2	note internal.en	persName.Source 4.la	Locations	Affiliations	Offices	Known associates	Biographical Sources
***			certainty	Born	Died	Flourished	Denomination		Baumstark (p)		Macuch	Barsaum (#)		Abuna (p) 1st ed.		Pat Syr §		Duval (p)	BO (vol)	BO (p)		Chabot (p)		Wright (p)		Brock (p) Rev. ed.	English	French	German XML	German Full	German Given	German Family	German Titles	German Titles 2	Baumstark Questions/Notes	Latin	Locations	Affiliations	Offices	Known associates	Biographical Sources
Bardaiṣan	3	2-3	yes	154; July 11 154 [C]	222 [B] [C]		S	638	12-14	642		3	643		641		644				640	21-23	639	28-29	645	8-9		Bardesane	 <forename>Bardaiṣàn</forename> 	 Bardaiṣàn 	Bardaiṣàn						Edessa	Court circles of King Abgar VIII [B]		Philip (pupil); Abgar son of Manou [C]	
 Mîles von Sûš (Susa) 	8							638	30	642			643		641		644				640		639		645				<forename>Mîles</forename> <addName type='untagged-title'>von Sûš (Susa)</addName>	Mîles von Sûš (Susa)	Mîles		von Sûš (Susa)								
Simeon bar Sabbaʿe	9	4			341[D]; 343 [S]		E	638	30	642		7	643		641		644	123	709	1-12	640		639	30-31	645				<addName type='untagged-title'>Patriarch</addName> <forename>Šemʿôn</forename> <addName type='family'>bar Ṣabbàʿē</addName> 	Patriarch Šemʿôn bar Ṣabbàʿē 	Šemʿôn	bar Ṣabbàʿē 	Patriarch				Seleucia-Ctesiphon [PS]		Bishop		
Aphrahaṭ	10	3-4		260-275 [PS]	c.345 [PS]		S	638	30-31	642		8	643		641	13	644				640	23-25	639	31-32	645	13-16		Aphraate	 <forename>Ap(h)rahaṭ</forename> 	 Ap(h)rahaṭ 	 Ap(h)rahaṭ 					Aphrahates	Persian Empire [B]				
Ephrem	13	4		c.306-9 vii 373 [B]	373; June 9th 373 [C]		S	638	31-52	642		9	643		641	18	644	329-335	709	24-164	640	25-30	639	33-37	645	16-22		Saint Ephrem	<forename>Ap(h)rem</forename>	Ap(h)rem	Ap(h)rem										
Simeon of Samosata	14	7-8				700	W	638	033-034	642		112	643		641		644				640		639		645				<forename>Šemʿôn</forename> <addName type='untagged-title'>von Samosata</addName>	Šemʿôn von Samosata	Šemʿôn		von Samosata								
Aswana	15	4					S	638	29	642		14	643		641	23	644				640		639		645				 <forename>Aswànā</forename> 	 Aswànā 	 Aswànā 					Asuana	Edessa [PS]				
Absamya of Edessa	16	4					S	638	067-068	642		15	643		641		644		709	169-70	640		639	41-42	645				<forename>ʿAb(h)samjā</forename>	ʿAb(h)samjā	ʿAb(h)samjā										
Isaac of Antioch	17	5			c.488; c. 460 [C]		W	638	063-066	642		16	643		641		644		709	207-234	640	33	639	51-54	645	34-35			<forename>Isḥàq</forename> <addName type='untagged-title'>von Antiocheia</addName>	Isḥàq von Antiocheia	Isḥàq		von Antiocheia								
Cyrillona	20	4-5	yes			c.400 [B]	S	638	067-068	642		19	643		641	27	644				640	33	639	40-41	645	24		Cyrillona	<forename>Qûrillônā</forename>	Qûrillônā	Qûrillônā					Cyrillonas (Qurillona)	Syria or close to Edessa [PS]				
Gregory of Cyprus	21	7	yes				E	638	53/ 057-058	642			643		641	68	644	222-23, 336	709	170-74	640	57	639	42-43	645	44		Gregoire	<forename>Gregorios</forename> 	Gregorios 	Gregorios										
Katholikos Aḥai	23							638	52/ 54	642			643		641		644				640		639		645				<addName type='untagged-title'>Katholikos</addName> <forename>Aḥai</forename>	Katholikos Aḥai	Aḥai		Katholikos								
Marutha of Maiperqaṭ	25	4-5			before 420			638	52/ 053-054	642		22	643		641	15	644	122, 123, 159	709	174-195	640		639	44-46	645				<addName type='untagged-title'>Bischof</addName> <forename>Màrût(h)ā</forename> <addName type='untagged-title'>von Maiperqaṭ</addName>	Bischof Màrût(h)ā von Maiperqaṭ	Màrût(h)ā		Bischof	 von Maiperqaṭ							
Rabbula of Edessa	26	5	yes		435[S, W ] Aug 7 [PS] [C]		W [PS]	638	66/ 071-073	642		23	643		641	33	644		709	197-199	640	45-47	639	47-49	645			Rabboula	 <addName type='untagged-title'>Bischof</addName> <forename>Rabbûlā</forename> <addName type='untagged-title'>von Edessa</addName>	 Bischof Rabbûlā von Edessa	Rabbûlā		Bischof	 von Edessa		Rabbula ep. Edessae	Qenneshrin, Jerusalem, Edessa [PS]	Council of the Antiochian bishops at Nicea [PS]; Council at Ephesus (431) [C]	Bishop of Edessa	Eusebius of Chalcis and Acacius of Beroea (tutors) [PS]	
Balai	27	5	yes				W [PS]	638	061-063	642		24	643		641	29	644		709	166-68	640	35	639	39-40	645	24-25		Balai	<forename>Bàlai</forename>	Bàlai	Bàlai										
Isaac of Edessa	33	6					W	638	146-147	642		31	643		641		644				640		639		645	34-35															
Isaac of Edessa	34							638	146-147	642		32	643		641		644				640		639		645	34-35															
Polycarp	35	5-6					W [PS]	638	144-145	642		33	643		641	108	644				640		639		645											Polycarpus	Mabbug [PS]	Diocese of Mabbug [PS]	Chorepisopus [PS]	Philoxenus [PS]	
Stephen bar Sudhaili	36	6			c.550 [PS]	Early 6th [B]	W	638	167	642		34	643		641	38	644				640	66-68	639	76-77	645	35										Stephanus bar Sudaile	Edessa, Egypt [PS]		Monk [PS]	Philoxenus, Jacob of Serugh [B]	
Simeon the Potter	37	5-6				early 6th	W	638	158-159	642		35	643		641	40	644				640	64	639	78-79	645	31		Simeon								Simeon Quqaja (Aigulus)	Geshir [B]	Deacon [C]		Jacob of Sarugh [B]	
John Rufus	39	6						638	184	642			643		641		644				640		639		645				<forename>Joannes</forename> <addName type='untagged-title'>Ruphos</addName>	Joannes Ruphos	Joannes		Ruphos								
Joshua the Stylite	40	5-6					W	638	146	642		37	643		641		644				640		639		645																
Jacob of Serugh	42	5-6	yes	c.451 [PS]; 452 [C]	29 Nov 521 [B]		W [PS]	638	148-158	642		38	643		641	39	644		709	283-340	640	62-63	639	67-72	645	30-31	Serugh	Jacques de Saroug								Jacobus Sarugensis	Kurtam, Edessa, Sarug, Batnan da-Srugh [B]; Hawara [PS]	Persian School of Edessa [B]	Chorepiskopos, Bishop [B]; Periodeutes [PS]		
Philoxenus of Mabbug	44	5-6	yes	c. Middle of the 4th [PS]	12/10/0523		W	638	141-144	642		40	643		641	107	644		1700	10-46	640	64-66	639	72-76	645	31-34	Aksenoyo; Xenos [PS]	Philoxene								Philoxenus Mabbugensis	Tahel, Tur 'Abdin, Edessa, Mabbug, Gangra, Philippoupolis [B]; Constantinople [PS]	Monastery of Mar Gabriel, Persian School of Edessa	Bishop of Mabbug [PS]	Polycarp [B]; Addai [C]	
Barlaha	45	6					W	638	164	642		41	643		641		644				640		639		645																
Simeon of Beth Liqin	46	6					W	638	164	642		42	643		641		644				640		639		645												Black Mountain, Antioch	Monastery of Beth Liqin	Abbot	Barlaha	
Paul of Kallinikos	47	6					W	638	160	642		43	643		641		644		1700	46-48	640	71	639	94-5	645			Paul de Callinique									Callinicus, Edessa [C]		Bishop of Callinicus		
Mara of Amid	48	6			ca. 527		W	638	188	642		44	643		641		644		1700	48-53	640	71	639	83	645			Mara d'Amid									Amid				
Sergius of Reshʿaina	49	6	yes		536 [B] [C]		W	638	167-169	642		45	643		641	42	644				640	71-72	639		645	35		Sergius								Sergius (Sargis) e Resh'aina	Alexandria, Reshaina [B]; Antioch, Rome, Constantinople [C]		Priest, Archiatros [B]	Ephrem [PS]	
John of Tella	50	5-6	yes		538; commemoration on Feb 6th		W	638	174	642		46	643		641	110	644		1700	 54	640	70-71	639	81-83	645		John bar Kursos of Tella	Jean bar Cursus								Ioannes (Johannan) Bar Kursos ep. Tellae	Tella; Callinicus, Nisibis, Byzantium, Antioch [PS]; Constantinople [C]	Monastery of Mār Zakkay [PS]	Bishop of Tella	Elias (Pupil); John of Asia [C]	John of Ephesus' Church History, Biography of Elias [PS]
John bar Aphtonia	52	6	yes		537 [C]		W	638	181	642		48	643		641		644				640	73	639		645			Jean bar Aphtonius									Seleucia, Qenneshre [C]		Abbot of Monastery of St. Thomas [C]		
Simeon of Beth Arsham	53	6	yes		c.548 [C]		W	638	145-146	642		49	643		641		644				640	69-70	639		645	36		Simeon de Beit Arscham									Beit Arscham, Constantinople [C]		Bishop [C]		
Samuel of Rishaina	55	6					W	638		642		51	643		641		644				640		639		645																Wright Syr 701; Barhebraeus
Thomas of Germanicia	57	6			542		W	638		642		53	643		641		644				640		639		645																
Zacharias Rhetor	58	5-6						638	183-184	642			643		641		644				640		639		645				<forename>Zacharias</forename>	Zacharias	Zacharias										
Daniel of Ṣalaḥ	59	6	yes			Mid 6th cent [B]	W	638	179	642		55	643		641	114	644		709	495	640	68-69	639	159-60	645	36		Daniel								Daniel of Ṣalaḥ (Danyēl Ṣalḥāyā)	Salah				
Elijah	63	6				Mid 6th cent [B]	W	638	180	642		59	643		641		644				640		639		645	36														Mar Sergius  and Mar Paul [B]	Life of John of Tella
Moses of Aggel	64	6				late 6th	W	638	160-161	642		60	643		641		644		1700	82-3	640		639	112-13	645												Aggel				
Aḥudemmeh	67	6	yes		575? [B] [PS] [C]		W	638	178	642		62	643		641	116	644				640	77	639		645	38		Ahoudemmeh								Ahudemmeh	Sasanian Empire [B]; Bēt ‘Arbāyē, Mesopotamia [PS]; Balad [C], Tagrit		Bishop, Missionary, [PS]		
Sergius of Nicaea	68	6				577	W	638		642		63	643		641		644				640		639		645																cf Wright Cat BL II.714
Jacob Baradaeus	69	6	yes		c.578 [C]		W [PS]	638	174-175	642		64	643		641	111	644		1700	62-9	640	73-74	639	85-8	645			Jacques Baradee								Jacobus Burde'ana (Baradaeus)	Mt. Izla, Byzantium, Damian [PS]; Tella, Constantinople , Edessa , Syria, Mesopotamia, Cilicia, Cappadocia [C]	Monastery of Phesilta [PS]	Priest of Tella, Bishop of Edessa [C]	Son of Theophilus bar Manou	
Kyriakos of Tella	70	06 ?				pre C 10	W	638	181	642		65	643		641		644				640		639		645																
Sergius bar Karya	71	6					W	638	184-185	642		66	643		641		644				640		639		645																
Cyrus of Batna	73	6					W	638	182-183	642			643		641		644				640		639		645																
John of Ephesus	74	6	yes	c.507 [B]	c.588 [B]; 586 [PS]		W	638	181-182	642		69	643		641	115	644		1700	83-90	640	74-76	639	102-7	645	37		Jean d'Ephese								Ioannes Ephesi (aut Asiae)	Amid, Antioch, Egypt and Constantinople, Asia Minor, Ephesus [B]; Chios, Scya [PS]; Amid [C]	Monastery of Mar John Ultaya at Alllid [B]; Monastery of Marion the Stylite	Bishop of Asia or Ephesus, Metropolitan of Ephesus [B]; Deacon [C]	Jacob Baradaeus [B]	
Peter of Kallinikos	75	6			591; April 22 591 [PS]	578-91	W	638	177	642		70	643		641	113	644		1700	69-82	640	78-79	639	113-4	645	37-38	Peter of Kallinikos	Pierre de Callinique								Petrus e Callinico	Antioch; Egypt, Monastery of Gubbā Barrāyā [PS]	Monastery of Anania [PS]	Patriarch of Antioch		
Julian II	76	6			594		W	638	178	642		71	643		641		644				640		639		645												Qinneshre		Patriarch		
Simeon of Edessa	80	6					W [PS]	638	179-180	642		75	643		641	46	644				640		639		645											Simon Edessae			Nosokomos of Edessa		Cf Wright Cat BL 712, BL Add 12172
Sergius the Stylite of Gusit	81	8					W [B]	638	180	642		76	643		641	45	644				640		639		645	51										Sergius Stylita	Not far from Emesa [PS				
Paul of Tella	82	6-7	yes				W	638	186-188	642		77	643		641	119	644				640		639		645											Paulus ep. Tellae	Alexandria [PS]		Bishop [PS]	Athanasius I, Thomas the Deacon [PS]	
Thomas the Synkellos	83	6-7					W	638	186	642		78	643		641		644				640		639		645															Paul of Tella; Pat Athanasius I	
Paul of Edessa	84	6-7					W	638	190	642		79	643		641	121	644				640		639		645											Paulus ep. Edessae	Edessa [PS]	Cyprus [PS]	Bishop [PS]		
Kyriakos of Amida	85	6-7			622/3		W	638	181	642		80	643		641		644				640		639		645																
Thomas of Ḥarqel	87	6-7					W	638	188-189	642		82	643		641	120	644		1700	90-95	640		639	16 etc	645											Thomas e Harqel (Heraclea)	Mabbug, Egypt [PS]	Monastery of Tar‘il, Monastery“of the ninth mile”  [PS]	Bishop of Mabbug		
Athanasios I Gamala	88	6-7			630 or 631 [PS]		W [PS]	638	185-186	642		83	643		641	118	644				640		639		645		Gammala [PS]									Athanasius I Patriarcha	Samosata, Antioch, Mabbug [PS]	Monastery of Qennešrīn [PS]	Patriarch of Antioch [PS]		
Severus of Samosata	89	6-7					W	638		642		84	643		641		644				640		639		645																
Thomas	90	7					W	638	247	642		85	643		641		644				640		639		645																
ʿAmmoy	91	7					W	638	246	642		86	643		641		644				640		639		645																
John I of the Sedre	92	7			Dec 14, 648 [PS]		W	638	243-245	642		87	643		641	124	644				640		639		645	43										Ioannes (Johannan) II Patriarcha	Antioch [PS]	Monastery of Eusebona [PS]	Patriarch [PS]		
Marutha of Tagrit	93	7			2.5.649		W [B]	638	245	642		88	643		641	125	644	61, 373			640	81-82	639	136-37	645	43-44		Marouta								Marutha Tagrithesis	Shurzaq, Byzantine empire [PS]; Beit Nouhadre , Callinicus, Akoula, Tagrit [C]	Monastery of Mar Zakkai, Kallinikos; Monastery of Mar Mattai [B]; Monastery of St. Samuel [PS]	Maphrian of Tagrit [B]	Maphrian Denha (successor) [B]	Maphrian Denha (successor) [B]
John of Bosra	94	6-7			650		W	638		642		89	643		641		644				640		639		645																Liturgist
John Naqar	96	08 ?				before 9th century	Syr. Orth.	638		642		91	643		641		644				640		639		645																cf EDSH
Denḥa	97	7			3.11.660		W	638	245	642		92	643		641		644				640		639		645															Marutha of Tagrit (wrote his life)	
Januarios Kandidatos	98	7					W [PS]	638	259	642		93	643		641	134	644				640		639		645											Januarius Candidatos	Amid [PS]				
Severus Sebokht	99	7	yes		666/7 [B] [C]		W [B]	638	246-247	642		94	643		641	126	644				640	82-83	639		645	45		Severe Sebokt								Severus Sebokt	Qenneshre [B]	Monastery of Qenneshre [B]	Bishop of Monastery of Qenneshre [B]		
Aitallaha of Kallinikos	100	07 ?					W	638	276	642		95	643		641		644				640		639		645				<forename>Ait(h)allàhā</forename>	Ait(h)allàhā	Ait(h)allàhā						Kallinikos	Monastery of Mor Zake			Anti-nestorian polemicist
Jonan of Tella	101	7					W [PS]	638	259	642		96	643		641	133	644				640		639		645											Jonas ep. Tellae	Tella [PS]		Periodeutes, Bishop [PS]		
Severus the Synkellos	103	7					W	638		642		98	643		641		644				640		639		645														Synkellos; then bishop	Pat John III	
Sabroy of Ramatshir	104	8					W	638	245	642		99	643		641		644				640		639		645																
Gabriel bar Sabroy	105	8					W	638	245-246	642		101	643		641		644				640		639		645																
Severus II bar Mashqa	106	7			683/4		W	638	256	642		102	643		641		644				640		639		645																
Athanasios II of Balad	109	7			Sept 11, 686 [PS]		W [PS]	638	256-257	642		105	643		641	130	644				640	83-84	639		645			Athanase de Balad								Athanasius II e Balad, Patriarcha	Qenneshrin , Antioch [PS]; Balad, Beit Malka, Nisibis [C]	Monastery of Qenneshrin, Synod of Rēš‘aynā of 683 or 684 [PS]	Patriarch [PS]	Severus Sēbōkt [PS]	
Abraham Naḥshirtana	110	07 ?			686		W	638	329	642		106	643		641		644				640		639		645																
Simeon of Qenneshre	112	7					W [PS]	638	247	642		108	643		641	128	644				640		639		645												Qenneshre [PS]		Priest [PS]		
Jacob of Edessa	113	7-8	yes	c.640 [B]; 633 [PS]	c.708 [B]; June 3, 708 [PS]; June 5 708		W [B]	638	248-256	642		109	643		641	129	644		709	468-94	640	84-88	639		645	49-50		Jacques d'Edesse	<forename>Jaʿqôb(h)</forename> <addName type='untagged-title'>von Edessa</addName>	Jaʿqôb(h) von Edessa	 Jaʿqôb(h) 		von Edessa			Jacobus Edessae	Antioch, Alexandria Edessa [B]; ‘Ēn Dēbā, Kayshum [PS], Tell'Ada [C]	Monastery of Qennershre, Monastery at Kaisum, Monastery of Eusebona, Monastery of Tell 'Ada [B]; Monastery of Mār Ya‘qūb [PS]; Monastery of St. Jacob [C]	Bishop of Edessa; teacher at monastery of Eusebona [PS]	Severus Sebokht [B]; Periodeutes Cyriacus, Daniel and Constatine (disciples) [PS]; Athanasius [C]	
Simeon of Tella	115	7-8				710	W	638		642		111	643		641		644				640		639		645																60 pp reply to Addai in Canons of Basibrina
Elijah I, Patriarch	119	8			724 [C]	709-24	W	638	269	642		115	643		641		644		1700	95-97	640	89	639	161-2	645			Elias									Apamee [C]	Monastery of Goubba-Barraya [C]	Jacobite Patriarch; Monk , Bishop [C]		
Saba of Rishaina	121	7-8					W	638	259-260	642		117	643		641	136	644				640		639		645																
George, Bishop of the Arab Tribes	122	7-8			Feb 724 [B] [C]		W [B]	638	257-258	642		118	643		641	131	644		709	494-95	640	88	639		645	50-51		Geroges des Arabes								Georgius ep. Arabum	Border between Syria and Mesopotamia [PS]		Bishop [B]	Disciple of Athanasius II [B]	
Constantine of Edessa	126	7-8			735		W	638		642		126	643		641		644				640		639		645														Bishop of Edessa	Jacob of Edessa	anthology of poems by C. Now in Patriarchal library
John of Litarb	127	8			737? [C]		W [PS]	638	258-259	642		127	643		641	132	644				640	89	639		645			Jean le Stylite								Ioannes e Litarba	Litarb [PS]			Jacob of Edessa, George of the Arabs [PS]	
Daniel bar Moses	128	8					W	638	273	642		128	643		641		644				640		639		645																
John bar Samuel	129	8					W	638	273	642		129	643		641		644				640		639		645																
Phocas bar Sergius of Edessa	130	8					W	638	271-272	642		130	643		641		644		709	468	640		639	93	645																
John (Iwannis) II	132	8			754 [PS]		W [PS]	638	269	642		132	643		641	138	644				640		639		645											Ioannes (Iwannis) II Patriarch	Ḥarran [PS]		Patriarch [PS]		
Elijah of Sinjar	133	8				758	W	638	272	642		133	643		641		644				640		639		645																
Lazarus of Beth Qandasa	136	8					W	638	271	642		135	643		641		644				640	90-91	639		645			Lazare de Beit Kandasa									Beit Kandasa [C]				
George of Bʿeltan	139	8			780-790 [PS]; 790 [C]		W [PS]	638	269-270	642		138	643		641	139	644				640	91-92	639		645			Georges de Belthan								Georgius (Giwargis) a Ba‘eltan, Patriarcha	Ba‘eltan [PS]	Monastery of Qenneshre [PS]	Deacon, Patriarch [PS]		
Elijah of Salamya	141	9					W	638	277	642		140	643		641		644				640		639		645																
Theodore bar Zarudi	142	8-9					W	638	272	642		141	643		641		644				640		639		645												Edessa				cf Wr Cat BL 2, ms 629, p.500
Simeon bar ʿAmraye	143	8-9			815		W	638	273	642		142	643		641		644				640		639		645															disciple of Pat Kyriakos	
David bar Paulos of Beth Rabban	144	8					W	638	272-273	642		143	643		641		644				640	91	639		645			David									Beit Rabban, Nineveh [C]		Monastery of Mount Singar [C]	Son of Paul [C]	
Kyriakos of Tagrit	145	8-9			817 [C]	793-817	W	638	270-271	642		144	643		641		644		1700	116-17	640	92	639	165-66	645			Cyriaque									Mosul, Pilier [C]	Monastery of Pilier, Synod of Beit Botin [C]	Jacobite Patriarch; Monk  [C]		
Athanasios	146	8-9				818	W	638	271	642		145	643		641		644				640		639		645																Or was this a Greek author, translated with scholia on Ps-Denys? (Jerus Mkl 2*. 1e)
Lazarus bar Sabta	149	9					W	638	278	642		148	643		641		644				640	94	639		645		Philoxenus [C]														
Theodosius of Edessa	150	9			832		W	638	276	642		149	643		641		644				640	93	639		645			Theodose									Edessa [S]		Metropolitan [C]	Brother of Patriarch Dionysius	
Thomas the Stylite	151	9				837	W	638		642		150	643		641		644				640		639		645																
Benjamin of Edessa	152	9					W	638	276	642		151	643		641		644				640		639		645																
Basilios of Samosata	153	9			843		W	638		642		152	643		641		644				640		639		645																
Anton of Tagrit	154	9					W [B]	638	278	642		153	643		641		644				640	94	639		645	57-58		Antoine									Tagrit [C]				
Dionysios of Tel Maḥre	155	9			22nd Aug. 845		W	638	275-276	642		154	643		641	162	644		1700	 98-116	640	92-93	639	196-203	645			Denys de Tallmahre								Dionysius e Tellmahre Patriarcha jacobita	Tell-Mahre, Qenneshre	Monastery of Qenneshrin [PS]	Jacobite Patriarch; Monk [PS]		
Nonnus of Nisibis	156	9				Mid 9th [B]	W [B]	638	277-278	642		155	643		641		644				640		639		645	57											Nisibis [B]		Archdeacon of Nisibis [B]		
Arabi of Samosata	158	9			850	839	W	638		642		157	643		641		644				640		639		645																
John (Iwannis) of Dara	161	9	no			Early 9th	W	638	277	642		160	643		641		644		1700	118-123	640	93	639	205-5	645	56	Iwannis	Jean de Dara									Dara		Bishop of Dara	Patriarch Dionysius of Tellmahre? [B]	
Simeon of Ḥisn Mansur	163	9					W	638	279	642		162	643		641		644				640		639		645																
Severus of Edessa	164	9				861	W	638	279	642		163	643		641		644				640		639	34-35	645												Edessa				Catena on OT
Daniel of Beth Batin	165	9					W	638	283	642		164	643		641		644				640		639		645																
Isaac of Nisibis	166	09 ?					W	638		642		165	643		641		644				640		639		645																
John IV	167	9			873		W	638		642		166	643		641		644				640		639		645														Patriarch		
Ignatios II	168	9			883		W	638		642		167	643		641		644				640		639		645																
Theodosius (Romanos)	169	9			896		W	638	280	642		168	643		641		644				640	95	639	77	645		Romanus [C]	Theodose										Monastery of Cartemin [C]	Patriarch, Monk [C]		
Zʿura of Nisibis	170	09-10 ?					W	638		642		169	643		641		644				640		639		645																
Garshon the Stranger	171	10 ?					W	638		642		170	643		641		644				640		639		645																
Job of Manimim	172	9-10					W	638		642		171	643		641		644				640		639		645																
Moses bar Kepha	173	9	yes	c.833	12 Feb 903 [C]		W	638	281-282	642		172	643		641		644		1700	 127-131	640	95-96	639	207-211	645	58-60	Severe [C]	Moyse bar Kepha									Balad, Beth Raman, Beth Kiyonaye, Mosul [B]	Monastery of Mar Sargis [B]	Bishop of Beth Raman [B]		
Ezekiel of Melitene	174	9-10			905		W	638		642		173	643		641		644				640		639		645														Metropolitan of Melitene		
Dionysios II	175	9-10			909		W	638		642		174	643		641		644				640		639		645														Patriarch		
Jacob of Maiperqaṭ	179	10			967		W	638	312	642		179	643		641		644				640		639		645																
Abū Zakaryā Yaḥyā b. ʿAdī	180							638	231	642			643		641		644				640		639		645																
Athanasios of Qallisura	181	10			982		W	638		642		181	643		641		644				640		639		645																
Matthew of al-Hassasa	182	10 ?					W	638		642		182	643		641		644				640		639		645																
Athanasios IV of Salah	186	10-11			1002		W	638		642		186	643		641		644				640		639		645														Patriarch		
John of Marun	187	10-11	yes		1003 [C]		W	638	291	642		187	643		641		644		709	496	640	115	639		645		Ocean of Wisdom [C]	Jean de Maron									Maron; Melitene [C]	Monastery of Goubos, Monastery of Elias bar Gagai, Monastery of Aaron [C]	Teacher at Monastery of Goubos [C]		
Mark bar Qiqi	189	10-11			1016		W	638	291	642		189	643		641		644				640	115	639		645		Ignatius	Marc bar Kiki													
Lazarus the monk	190	10-11			1024		W	638	291	642		190	643		641		644				640		639		645																
Joseph of Melitene	192	11			1058		W	638	291	642		192	643		641		644				640		639		645																
John X, Isho bar Shushan	193	11			6 or 27.11.1072		W	638	291	642		193	643		641		644				640	120-121	639		645														Patriarch		
Sergius the monk	197	11 ?					W	638		642		194	643		641		644				640		639		645																
Ignatius of Melitene	198	11-12			1.10.1104		W	638	291	642		195	643		641		644				640	121	639		645																
Saʿid bar Sabuni	199	11					W	638	292-293	642		196	643		641		644				640		639		645		John[C]	Said bar Sabouni									Melitene [C]				
Dionysios John bar Modyana	200	11-12			1120		W	638		642		197	643		641		644				640		639		645																
Eudochus of Melitene	204	12					W	638	294-295	642		201	643		641		644				640		639		645																
Timothy of Gargar	205	12			1143		W	638	191	642		202	643		641		644				640		639		645																
John bar Andrew	206	12			1156		W	638	294	642		203	643		641		644				640		639		645																
Ṣaliba of Qarikara	207	12			1146?		W	638		642		204	643		641		644				640		639		645																
Ignatios II, Lazarus bar Hasan	208	12			1164		W	638		642		205	643		641		644				640		639		645														Maphrian of the East		
John of Mardin	209	12			12.7.1165		W	638	293-294	642		206	643		641		644				640	121-122	639		645			Jean de Mardin									Mardin, Harran [C]				
Basilios Abu-l-Faraj bar Shummana	210	12			1169		W	638	293	642		207	643		641		644				640	122	639		645												Kaisoum, Edessa [C]		Metropolitan, Bishop		
John (Iwannis) of Kaishum	211	12			24.9.1171		W	638	294	642		208	643		641		644				640		639		645																
Dionysios bar Ṣalibi	212	12	yes		2.11.1171		W	638	295-298	642		209	643		641	163	644		1700	156-211	640	122-125	639	246-50	645	61-62	Jacob bar Salibi [C]	Denys bar Salibi								Dionysius Bar Salibi	Melitene, Amid, Mar'ash [B]		Bishop of Mar'ash,Metropolitan of Amid [B];  Bishop of Amid		
Athanasios Abu Ghalib	213	11-12			1129 [Baumstark]; 1177 [Barsaum]		W	638	292-293	642		210	643		641		644				640		639		645																
Aaron the Monk	215	12				1183	W	638		642		212	643		641		644				640		639		645																Only Arabic trans of his letter survives.
Theodore bar Wahbun	216	12			1192/3 [C]		W	638	300-301	642		213	643		641		644				640	127-128	639		645			Theodore bar Wahboun									Melitene [C]	Monster of Barsauma, Cilicia [C]		Disciple of Michael the Syrian [C]	
Michael I the Great	217	12		1126 [C]	7.11.1199	1166-99	W	638	298-300	642		214	643		641	164	644		1700	154-56	640	125-127	639	250-54	645	62-63		Michel le Syrien								Michael I (1199) Patriarcha jacobita	Melitene [B]	Monastery of Barsuama [B]	Jacobite Patriarch, Superior of the Monastery of Barsauma [B]	Son of Elias [C]	
John David of Amid	219	12-13			1203		W	638		642		216	643		641		644				640		639		645														Bishop		
Ignatios Sahdo of Jerusalem	220	12				1149	W	638		642		217	643		641		644				640		639		645												Edessa; Jerusalem		Metropolitan of Jerusalem		
Abraham of Tallbsam	221	12-13			ca. 1207		W	638		642		218	643		641		644				640		639		645																
Gregory Jacob	222	12-13			1214		W	638	301-302	642		219	643		641		644				640		639		645														Maphrian		
Michael II, Isho Sephtana [Anti Pat]	223	12-13					W	638	302	642		220	643		641		644				640		639		645																
John XIV (XII), Ishoʿ bar John the Scribe	224	12-13			1219/20		W	638	302	642		221	643		641		644				640		639		645														Patriarch		
Jacob John (Iwannis) ibn Shakkoko	229	12-13			after 1231		W	638	294	642		226	643		641		644				640		639		645														Metrop of Mardin, Nisibis, Kabur and Harran		
Jacob (Severus ) bar Shakko of Bartella	231	13			1241		W	638	311-312	642		228	643		641		644				640	130	639		645	64		Jacques bar Schakako									Bartella, Mosul [B]	Monastery of Beth Qoqe, Monastery of Mar Mattai [B]	Bishop [C]	Iohannan bar Zo'bi, Kamal aI-Din Musa ibn Yunus [B]	
Gregory John of Mar Mattai	233	13				1241	W	638	329	642		230	643		641		644				640		639		645														Metrop of Mar Mattai		
Basilios of Basibrina	234	13				1254	W	638		642		231	643		641		644				640		639		645																
John bar Maʿdani	236	13			1263		Syr Orth	638	307-308	642		233	643		641		644				640	130	639		645		John [C]	Aaron bar Madani									Madani [C]		Bishop, Patriarch  [C]		
Dionysios Saliba (Harifa) of Claudia	237	13			1273		W	638		642		234	643		641		644				640		639		645														Bishop of Claudia		
Dioscorus Theodore of Hisn Ziyad	238	13			after 1275 (maybe until 1282)		W	638		642		235	643		641		644				640		639		645																
Gregory Abu-l-Faraj, Bar ʿEbraya [Bar Hebraeus]	239	13	yes	1225 or 1226 [PS]	1286 [PS] [C]		W	638	312-320	642		236	643		641	165	644				640	131-137	639		645	64-69										Gregorius Abu-l-Farag, Barhebraeus	Melitene [PS]; Antioch, Tripoli, Goubos, Maraga [C]	Monastery of Barsauma [C]	Maphrian [PS]; Bishop [C]	Aaron, Barsauma [C]	
Abu Nasr (Zakhi) Habbo Kanni of Bartella	241	13			ca. 1290		W	638		642		237	643		641		644				640		639		645																
Abu al-Hasan ibn Mahruma of Mardin	242	13-14			alive Dec 1299		W	638		642		238	643		641		644				640		639		645																
Dioscorus Gabriel of Bartella	243	13-14			7.Sept.1300		W	638	320	642		238	643		641		644				640		639		645	70													Bishop of Gazarta of Qardu		
Thomas the Stylite of Hah	244	13-14 ?					W	638		642		240	643		641		644				640		639		645																
Grigorios Barṣawma al-Ṣafī	245	13-14			1307/8		W	638	320	642		240	643		641		644				640		639		645																
Ishoʿ bar Kilo	246	13-14			after 1309		W	638		642		242	643		641		644				640		639		645																
Michael II, Barsawma	247	13-14			1312		SyrOrth	638		642	11	243	643		641		644				640		639		645												Kuwaykhat monastery		Patriarch		
Cyril Simeon Alini of Hah	248	13-14			after 1333		SyrOrth	638	329	642	11	244	643		641		644				640		639		645														Bishop of Hah		According tO barsoum, it is Alini
Ignatios I (V) Zakhi bar Wahib	249	13-14			19.4.1333		W	638	320	642	11-12	244	643		641		644				640		639		645																According tO barsoum, it is Wuhayb
Ishoʿ bar Khayrun	250	13-14			1335		W	638	327?	642	12	246	643		641		644				640		639		645																cf EDSH
Saliba bar Khayrun	251	13-14			1340		SyrOrth	638		642	12	247	643		641		644				640		639		645																
ʿAbd Allah of Bartella	252	13-14			1345		SyrOrth	638		642	12-13	248	643		641		644				640		639		645																
Abu al-Wafa of Hisn Kifa	253	14					SyrOrth	638		642	13	249	643		641		644				640		639		645																
Abraham of Mardin	254	14			1365		SyrOrth	638		642	13	250	643		641		644				640		639		645																
Joseph (Dionysios) ibn Gharib of Amid	255	14			1375		SyrOrth	638		642	13	251	643		641		644				640		639		645																
Daniel ibn Isa of Mardin	256	14		1327	1382		SyrOrth	638		642	13	252	643		641		644				640		639		645																
Abraham II Gharib	257	14-15		1382	1412		W	638		642	14	253	643		641		644				640		639		645																
Isaiah of Beth Sbirina	259	14-15			1425		W	638	326-327	642	10-11	254	643		641		644				640		639		645	70															
Sahda the Priest	260	14-15					SyrOrth	638		642	19	256	643		641		644				640		639		645																
Simeon of Amid	261	14-15			ca. 1450		SyrOrth	638		642	19	257	643		641		644				640		639		645																
Qawma of Beth Sbirina	262	14-15			1454		SyrOrth	638		642	19	258	643		641		644				640		639		645														Patriarch of Tur Abdin		
Ignatios V (IX), Behnam of Ḥidl	263	14-15			1454		W	638	327	642	14	259	643		641		644				640		639		645														Patriarch		
Barsawma Madani	264	14-15			1455		SyrOrth	638		642	19	260	643		641		644				640		639		645														Maphrian of the East		
John of Beth Sbirina	265	14-15					Syr Orth	638		642	19	999	643		641		644				640		639		645																See Dolabani, Syr trans of Barsoum, no. 271
Hasan bar Zurqo of Mosul	266	15					Syr Orth	638		642	19-20	999	643		641		644				640		639		645																See Dolabani, Syr trans of Barsoum, no. 272
Gharib of Manimim	267	15			after 1476		SyrOrth	638		642	20	261	643		641		644				640		639		645																
Abu-l-Maʿani ʿAzziz bar Sabta (Ibn al-Ajuz)	268	15			1481/2		W	638	327	642	14-15	262	643		641		644				640		639		645																
Malke Saqo	269	15			1490		SyrOrth	638		642	20	263	643		641		644				640		639		645																
Ishoʿ of Bet Sbirina	270	15			1492		W	638		642	20-21	264	643		641		644				640		639		645	70															
Ignatios VII (XI) John XIV ibn Shay Allah	271	15			1493		W	638	327	642	16	265	643		641		644				640		639		645																
John George of Beth Sbirina	272	15			1495		SyrOrth	638		642		266	643		641		644				640		639		645														Bishop		
David the Phoenician	273	15			pre 1500?		W	638	328	642	17-18	267	643		641		644				640		639		645	71															
Addai of Beth Sbirina	274	15-16			1502		SyrOrth	638		642	21	268	643		641		644				640		639		645																
Sergius bar Joseph of Hah	276	15-16			1508		SyrOrth	638		642	21	269	643		641		644				640		639		645																
Noah the Lebanese	277	15-16			11.4.1508 [Baumstark]; 28 July 1509 [Barsaum]		W	638	327-328	642	17	270	643		641		644				640		639		645	71													Patriarch		
Aziz of Midyat	278	15-16			1510		SyrOrth	638		642	22	271	643		641		644				640		639		645																
Masʿud of Ṭur ʿAbdin	279	15-16			1512		W	638	327	642	16-17	272	643		641		644				640		639		645	71													Patriarch of Tur Abdin		
Jacob I, Ibn al Muzawwaq	280	15-16			1517		SyrOrth	638		642	22	273	643		641		644				640		639		645														Patriarch of Antioch		
Gregory Joseph IV the Iberian of Jerusalem	281	15-16			1537		SyrOrth	638		642	22	274	643		641		644				640		639		645																
Abd al-Ghani al-Mansuri	283	16			1575		SyrOrth	638	329	642	23	275	643		641		644				640		639		645														Maphrian of the East		
Jacob of Qastro d-Qasro	284	16			1575		Syr Orth	638		642	23	999	643		641		644				640		639		645																See Dolabani, Syr trans of Barsoum, no. 291
Niʿmatullah, Ignatius	285	16			1587		SyrOrth	638		642	23	276	643		641		644				640		639		645														Patriarch		
John (Iwannis) Wanki	286	16-17			1624		SyrOrth	638		642	23-24	277	643		641		644				640		639		645																
John ibn Ghurayr	287	17			1684		SyrOrth	638		642	24-25	278	643		641		644				640		639		645														Bishop of Damascus		
Hidayat Allah of Khudayda	288	17			1693		SyrOrth	638		642	25	279	643		641		644				640		639		645														Bishop in Malabar		
Isaac ʿAzar	289	17-18						638		642			643		641		644				640		639		645																
Ignatios Isaac bar Maqdisi Azar	289	17-18			1724		SyrOrth	638		642	25	280	643		641		644				640		639		645														Patriarch		
John of Beth Sbirina	290	17-18			1729		SyrOrth	638		642	25-26	281	643		641		644				640		639		645																
Basilios Shem'un of Tur Abdin	291	18			martyred 1740		SyrOrth	638		642	26		643		641		644				640		639		645	71									Not located in Baumstark on p.282 or elsewhere				Maphrian		
Abdisho of Qusur	292	17-18			1750		SyrOrth	638		642	27	283	643		641		644				640		639		645																
Shukr Allah of Aleppo	294	18			1764		SyrOrth	638		642	27	285	643		641		644				640		639		645														Maphrian of Malabar		
Jacob of Qutrubul	295	18			1783		SyrOrth	638		642	27-28	286	643		641		644				640		639		645																
Lahda of Habbob	296	18					Syr Orth	638		642	28	999	643		641		644				640		639		645																See Dolabani, Syr trans of Barsoum, no. 303
Jacob Mirijan	297	18-19			1804		SyrOrth	638		642	28	287	643		641		644				640		639		645														Bishop of Midyat		
John al-Bustani of Manimim	298	18-19			1825		SyrOrth	638		642		288	643		641		644				640		639		645														Bishop of Hbab		
Cyril George of Azekh	300	19			1847		SyrOrth	638		642		289	643		641		644				640		639		645														Bishop of Azekh		
Philoxenus Zaytun of Inhil	301	19			1855		SyrOrth	638		642		290	643		641		644				640		639		645														Bishop of Midyat		
Naʿum Fa'yeq	304							638		642			643		641		644				640		639		645	72															
Saka, Yaʿqub	305	19-20			1931		Syr Orth	638		642		293	643		641		644				640		639		645																
Aba I	306	6			11/29/0552		E	638	119-120	642			643		641	57	644				640	53-54	639		645			Mar Aba								Mar Aba I, Katholikos	Tigris, Nisibis, Edessa, Palestine, Egypt, Greece, Constantinople, Alexandria, Kashkar,Rewardashir, Bet Lapat, Aderbayjan, Seleucia-Ctesiphon [PS]; Hirta [C]	School of Nisibis, School at Seleucia-Ctesiphon [PS]	Catholicos [PS]	Sergius, Thomas of Edessa [PS]	
Aba of Kashkar	307	6-7					E	638	123-124	642			643		641		644				640		639		645																
Aba II of Kashkar	307	7-8		641	751		E	638	214-215	642			643		641	105	644				640		639		645											Mar Aba II Katholikos	Kashkar, Seleucia-Ctesiphon [PS]		Bishop, Catholicos [PS]	Emir Yusuf ibn Omar aṭ-Ṭaqafi [PS]	
Aba	308	4					S	638	66	642		10	643		641	25	644				640	53-54	639	38	645				<forename>Àb(h)ā</forename>	Àb(h)ā	Àb(h)ā					Aba				Disciple of Ephrem [PS]	
ʿAbdishoʿ bar Bahrīz	309	9					E	638	287	642			643		641		644				640	119	639		645			Edebjesus bar Bahriz									Arbele, Mosul [C]		Metropolitan of Arbele and Mossul [C]		
ʿAbdishoʿ bar Brikha	310	13-14	yes		1318 [PS]		E [PS]	638	323-325	642			643		641	161	644				640	139-141	639		645	69	Ebedjesus of Ṣobā	Ebedjesus de Nisibe								Abdisho Bar Berika seu Ebedjesu Sobensis	Nisibis [PS], Singar, Beit Arbaye, Nisibis, Armenia [C]		Metropolitan [C]		
ʿAbdishoʿ IV John of Gazarta	311	16			1567 [Teule]; 11.9.1570 [Macuch]		Chald	638	333	642	38-39		643	519-522	641		644				640		639		645										Baumstark identifies with ʿAbdishoʿ bar John						
Abgar, the hagiographer	315	5						638		642			643		641		644				640		639		645																
Abraham bar Dashandad	317	8				Mid 8th [B]	E [B]	638	214	642			643		641	104	644				640	105	639		645	52		Abraham bar Daschandad								Abrahm bar Dashandad	Beth Sayyade, Marga, Mosul,	School of Bashosh, Monastery of Mar Gabriel, (later, thanks to his fame, known as Mar Abraham and Mar Gabriel'). [B]	Head of the School of Bashosh	Timothy I and Isho' bar Nun, John (his brother) [B]; Disciple of Babai of Gebilta [C]	
Abraham bar Lipeh of Beth Qatraye	318	7				Mid 7th [B]	E	638	201	642			643		641	97	644				640	59-60	639		645	45		Abraham bar Lipheh								Abraham bar Lipeh	Qatar				
Abraham of Beth Rabban	319	6					E	638	115	642			643		641	54	644				640		639		645											Abraham de Beth Rabban	Nisibis [PS]	School of Nisibis [PS]	Head of School of Nisibis, Monk [PS]	Narsai [PS]	
Abraham of Kashkar	320	6	yes	503 [PS]	Jan 8, 588 [PS]		E [PS]	638	130-131	642			643		641	72	644				640	52-53	639		645			Abraham								Abraham e Kashkar	Ḥīrtā, Scetis, Nisibis, Mt. Izla [PS]	School of Nisibis, Great Monastery on Mt. Izla [PS]	Missionary, Monk, Founder of Great Monastery [PS]		
Abraham of Nathpar	321	6-7				7th [PS]	E	638	131-132	642			643		641	74	644		709	463-64	640	57	639	111-12	645	38	Abraham of Nathpar	Abraham de Nathpar								Abraham de Nathpar	Nephtar, Egypt, Palestine [PS]; Adiabene [C]	Pachomian monasteries, Monastic settlements in Palestine [PS]			
Aḥîqàr	323	7 bc						638	11	642			643		641		644				640		639		645				Aḥîqàr	Aḥîqàr											
Aḥob of Beth Qatraye	324	6					E	638	131-132	642			643		641		644				640		639		645																
Aḥudemmeh	325	6	yes		575? [B] [PS] [C]		W	638	178	642			643		641	116	644				640	77	639		645	38		Ahoudemmeh								Ahudemmeh					
Aitallaha	326	5					S	638	31	642			643		641	21	644				640		639		645				 <addName type='untagged-title'>Bischof</addName> <forename>Ait(h)allàhā</forename> 	 Bischof Ait(h)allàhā 	 Ait(h)allàhā 		Bischof			Aithallah	Edessa, Nicea [PS]	Council of Nicea [PS]	Bishop [PS]		
Acacius of Seleucia	338	5			496 [PS]		E	638	109	642			643		641	52	644				640	51-52	639	59-60	645			Acace								Acacius (Aqaq) Katholikos	Seleucia-Ctesiphon [PS]		Catholicos of Seleucia-Ctesiphon [PS]		
Aristeides	341							638	76	642			643		641		644				640		639		645				<forename>Aristeides</forename>	Aristeides	Aristeides										
J S Assemani	349							638	32	642			643		641		644				640		639		645				<forename>J S</forename> <addName type='family'>Assemani</addName>	J S Assemani	J S	Assemani									
Assemani, Joseph Simon	349	17-18		1687	1768		Maron	638	343	642	61-63		643	656-658	641		644				640		639		645																
St Ev Assemani	350							638	32	642			643		641		644				640		639		645				<forename>St Ev</forename> <addName type='family'>Assemani</addName>	St Ev Assemani	St Ev	Assemani									
Athanasios	354							638	75/ 81-82	642			643		641		644				640		639		645				Athanasios	Athanasios											
Toma Audo	355							638		642			643		641		644				640		639		645	71															
Babai the Great	359	6-7	yes	c.551 [B]; 550 [PS]	c.628 [B]		E	638	137-139	642			643		641	81	644				640	60-61	639		645	41-42		Babai l'Ancien								Babaj Magnus	Beth'Ainatha, Nisibis, Mt. Izla [B]; Bēt Zabday [PS]	School of Nisibis, 'Great Monastery' on Mount Izla [B]; Xenodochian of Nisibis [C]	Superior of 'Great Monastery' [B]; Tea cher at School of Nisibis [PS]	Abraham of Bēt Rabban, Dadīšō‘, [PS]	
Babai of Nisibis	360	6-7					E	638	132	642			643		641	75	644				640	60	639		645			Babai le nisbien								Babaj Bar Nesibnaje	Nisibis [PS]	Great Monastery' on Mt. Izla [PS]	Founder of Great Monastery [PS]	Abraham of Kashkar [PS]	
Ishoʿ bar Ali	364	10-11	yes		3/28/1001		E	638	241-242	642			643		641	160	644				640	112-113	639		645			Bar Ali												Disciple of Honein [C]	
Abu-l-Ḥasan bar Bahlul	365	10	yes				E	638	241-242	642			643		641	160	644				640	116-117	639		645			Bar Bahloul									Awana, Tirhan, Bagdad [C]	School of Bagdad [C]	Teacher of School of Bagdad [C]		
Barḥadbshabba of ʿArbaya	367	6-7				c.600	E	638	136	642			643		641	66	644				640		639		645	40										Barhadbeshabba de Arbaia	Nisibis, Beth 'Arabaye [B]	School of Nisibis [B]	Professor at the School of Nisibis [B]		
Barṣawma of Nisibis	369	5			ca. 491-96		E	638	108-109	642			643		641	48	644		1700	1-10	640	50	639	65-66	645			Barsauma								Bar Sauma Nisibenus	Bet Qardu, Bet Lapat, Bēt ‘Adray  [PS]		Bishop of Nisibis [PS]	Samuel; Hiba, Acacius (old friend and his fellow student) [PS]	
Ephrem Barsaum	372							638		642			643		641		644				640		639		645	72															
Basilios Gewargis	375	18			1748			638		642			643		641		644				640		639		645																
Basileios	376							638	75/ 78-79	642			643		641		644				640		639		645				<forename>Basileios</forename>	Basileios	Basileios										
Katholikos Dàd(h)îšôʿ	433							638	55	642			643		641		644				640		639		645				<addName type='untagged-title'>Katholikos</addName> <forename>Dàd(h)îšôʿ</forename>	Katholikos Dàd(h)îšôʿ	Dàd(h)îšôʿ		Katholikos								
Dadishoʿ of Beth Qatraye	434	7					E [B]	638	226-227	642			643		641	88	644				640		639		645	47	Dadīšō‘ Qaṭrāyā	Dadjesus								Dadisho' (Dadjesu) e Beth Qatraje	Beth Qatraye [B]	Monastery of Rabban Shabur [B]; Monasteries of Rabkennārē, the Apostles [PS]	Monk [PS]		
Damianos of Alqosh	436	19			1858; 1855 [Macuch]		Chald	638		642	103-104		643	540-541	641		644				640		639		645																
Daniel bar Maryam	438	7					E	638	207	642			643		641		644				640	101	639		645			Daniel bar Maryam													To be identified with Daniel bar Tubanitha.
Denḥa	444	8					E	638	220	642		159	643		641		644				640		639		645																Barsaum's info seems to indicate the Esyr writer
Philoxenos Yuhanon Dolabani	454							638		642			643		641		644				640		639		645	72															
Stephen ad-Duwayhi	460	17-18		1630	1704		Maron	638		642	57-58		643	651-653	641		644				640		639		645																
Eli of Qarṭmin	465	13					W	638		642			643		641		644				640		639		645																A. De Halleux, Ēlī de Qartamīn: Mēmrā sur S. Mār Philoxène de Mabbog (CSCO 233-234; 1963).
Ghattas Maqdasi Elyas	466							638		642			643		641		644				640		639		645	72															
Elishaʿ bar Quzbaye	467	6					E	638	114-115	642			643		641		644				640		639		645																
Elijah I of Tirhan	468	11			1049		E	638	286-287	642			643		641		644				640	119	639		645			Elias de Tirhan									Tirhan [C]	Monastery of Mossul [C]	Bishop, Patriarch [C]		
Elijah of Anbār	471	10				First half of 10th [B]	E [B]	638	237-238	642			643		641		644				640	115	639		645	60		Elias d'Anbar									Anbar [B]		Bishop [B]		
Elijah of Nisibis	472	10-11		11 Feb 975 [B]; 975 [PS] [C]	18 July 1046 [B]; After 1049 [PS] [C]		E	638	287-288	642			643		641	159	644				640	118	639		645	61	Eli bar Shinaya	Elias de Nisibe								Elias Bar Sinaja	Shenna, Beth Nuhadra, Nisibis [B]	Monastery of Mar Michael [B]	Bishop, Metropolitan [B]; Monk		
Emmanuel bar Shahhare	473	10			980 [C]	Second half of 10th [B]	E [B]	638	238-239	642			643		641		644				640	117	639		645	61		Emmanuel bar Schahare									Mossul [C]	Monastery of Mar Gabriel [C]		Ebedisho (brother) [C]	
ʿEnanishoʿ	474	7	yes				E	638	201-203	642			643		641	98	644				640	100-101	639		645			Anajesus								Enanisho monachus	Nisibis, Desert of Scetis, Mt Izla [PS]	School of Nisibis, Monastery of Bēt ‘Abē on Mt. Izla [PS]		Īšō‘yahb III [PS]	
Eusebios von Kaisareia	480							638	58-60	642			643		641		644				640		639		645				<forename>Eusebios</forename> <addName type='untagged-title'>von Kaisareia</addName>	Eusebios von Kaisareia	Eusebios		von Kaisareia								
Bischof Eusebios von Emesa	481							638	58/ 60	642			643		641		644				640		639		645				<forename>Eusebios</forename> <addName type='untagged-title'>von Emesa</addName>	Eusebios von Emesa	Eusebios		Bischof	 von Emesa							
Euagrios	483							638	84/ 86-88	642			643		641		644				640		639		645				<forename>Euagrios</forename>	Euagrios	Euagrios										
Paulos Gabriel	490							638		642			643		641		644				640		639		645	72															
Gabriel bar Boktishoʿ	492	8-9			828		E	638	227	642			643		641		644				640		639		645																
Gabriel of Basra	493	9					E	638	235	642			643		641		644				640		639		645																
Gabriel Qamṣa	494	13-14					E	638	323	642			643		641		644				640	138-139	639		645			Gabriel Camsa									Mossul [C]		Metropolitan [C]		
Gabriel of Beth Qatraye	495	6-7					E	638	200-201	642			643		641	96	644				640		639		645	44										Gabriel de Beth Qatraje	Nisibis [PS]	School of Nisibis [PS]	Teacher at School of Nisibis [PS]	Ḥenānā (Pupil) [PS]	
George I	501	7			680/1		E	638	208	642			643		641	94	644				640	102	639		645			Georges								Georgius (Giwargis) I Katholikos	Kafra, Dirin [PS]; Adiabene [C]	Synod in Dirin [PS]; Monastery of Beit Abe [C]	Monk,Metropolitan, Patriarch [C]	Īšō‘yahb III [PS]	
George of Arbela	502	10					E	638	239	642			643		641		644				640	115-116	639		645			Georges de Mossul									Arbela [C]		Metropolitan of Arbele [C]		
George Warda	504	13	yes			First half of 13th [B]	E [B]	638	304-306	642			643		641		644				640	137-138	639		645	63		Georges Warda									Arbela [B]				
Gregorios von Nazianz	511							638	75/ 77-78	642			643		641		644				640		639		645				<forename>Gregorios</forename> <addName type='untagged-title'>von Nazianz</addName>	Gregorios von Nazianz	Gregorios	 	von Nazianz								
Gregorios von Nyssa	512							638	75/ 79-80	642			643		641		644				640		639		645				<forename>Gregorios</forename> <addName type='untagged-title'>von Nyssa</addName>	Gregorios von Nyssa	Gregorios		von Nyssa								
Gregorios Thaumaturgos	513							638	76	642			643		641		644				640		639		645				<forename>Gregorios</forename> <addName type='untagged-title'>Thaumaturgos</addName>	Gregorios Thaumaturgos	Gregorios		Thaumaturgos								
Gregory I	514	7					E	638	128	642			643		641	69	644				640		639		645											Gregorius (Grigor) I, Katholikos	Perat, Seleucia-Ctesiphon	School of Seleucia-Ctesiphon [PS], Synod at Seleucia-Ctesiphon	Teacher and Exegete at school of  Seleucia-Ctesiphon, Catholicos [PS]		
Ezekiel the Catholicos	529	6					E	638	126	642			643		641	64	644				640		639		645											Ezechiel (Hazqiel) Katholicos	Zab, Seleucia-Ctesiphon [PS]	576 Synod of Seleucia-Ctesiphon [PS]	Bishop, Catholicos	Mar Aba I [PS]	
Ḥenana of Adiabene	530	6-7			610 [PS]		E	638	127	642			643		641	117	644				640	58-59	639		645			Henana								Henana	Adiabene, Nisibis	School of Paul; School of Nisibis [C]	Head of School of Paul	Abraham of Bet Rabban, Moses,	
Ḥenanišoʿ I (the Lame)	531	7			699/700 [PS]		E	638	209	642			643		641	99	644				640	103-104	639		645											Henanisho' I Katholikos	Nineveh [PS]; Near Mossul [C]	Monastery of Jonah [PS]	Catholicos [PS]; Patriarch [C]		
Ḥenanišoʿ II	532	8			779/80		E	638	215	642			643		641		644				640	106-107	639		645																
Ḥenanishoʿ bar Saroshwai	533	9					E	638	232	642			643		641		644				640	113	639		645			Henanjesus bar Seroschwai									Hirta [C]		Bishop of Hirta [C]		
Hiba (Ibas)	534	5	yes		Oct 28 457 [PS] [C]		W [PS]	638	101	642			643		641	34	644		709	199-207	640	47-49	639	49-51	645			Ibas								Ibas	Edessa	School of Persians [C]	Bishop of Edessa	Coumi, Probus [C]	
Ḥunain ibn Ishaq	542	9	yes	809/10	1.12.876		E	638	227-230	642			643		641		644				640	122	639		645			Honein									Hira, Bagdad, Alexandria, al-Moutawakil ?[C]	Caliph al-Moutawakil	Doctor [C]	John bar Maswai [C]	
Katholikos Jsḥaq	549							638	54	642			643		641		644				640		639		645				<addName type='untagged-title'>Katholikos</addName> <forename>Jsḥaq</forename>	Katholikos Jsḥaq	 Jsḥaq		Katholikos 								
Isaac of Ninevah	550	7				End of 7th [B]	E [B]	638	223-225	642			643		641	89	644		709	444-463	640	104-105	639	110-11	645	46-47	Isaac the Syrian [B]	Isaac de Ninive								Isaac Ninivita	Ninevah, Beth Qatraye, Mountains of Khuzistan [B]; Susiana [PS]; Beit Houzaye	Monastery of Rabban Shabur; Monastery of Beit Abe [C]	Bishop of Nineveh (Mosul)[B]; Monk [PS]		
Isaac Qardahe Shbadnaya	551	15				1439/40	E	638	330	642	33		643	511-512	641		644				640		639		645	71															
Ishoʿ bar Nun	552	8-9		c.744 [B]	1 Apr 828 [B] [PS]		E	638	219-220	642			643		641	154	644				640	109-110	639		645	55	Īšō‘ bar Nūn [PS]	Jesus bar Noun								Isho ' (Iesus) Bar Nun, Katholikos	Beth Gabarre, Seleucia Ctesiphon, Mount of Izla, Baghdad, Mosul [B]	School in Seleucia Ctesiphon, Monastery of Mar Abraham [B]; Monastery of Mar Elias [C]	Teacher at School of Seleucia Ctesiphon, Monk, Catholicos  [B]	Timothy I, Abraham bar Dashandad [B]	
Ishoʿ of Merw	553	9					E	638	232	642			643		641		644				640		639		645																
Ishobokt of Rewardashir	554	8					E	638	215-216	642			643		641		644				640		639		645																
Ishoʿdad of Merv	555	9	yes			Mid 9th [B]	E [B]	638	234	642			643		641	158	644				640	111-112	639		645	56-57		Jesudad de Merv								Isho' dad e Merw	Hdatta [B]		Bishop of Hdatta [B]		
Ishoʿdnaḥ of Basra	556	9				c.860 [B]	E [PS]	638	234	642			643		641	157	644				640	113	639		645	58		Jesudenah								Isho' Denah e Basra	Basra [C]		Bishop of Basra [C]		
Ishoʿyahb I	559	6			596 [PS]; 595 [C]		E	638	126	642			643		641	65	644				640	56	639		645			Jesuyab I								Isho'jahb I, Katholikos	Beth 'Arbaye, Nisibis , Arzon [PS]	School of Nisibis [PS]	Head of School of Nisibis, Bishop, Catholicos of Seleucia-Ctesiphon [PS]	Abraham [C]	
Ishoʿyahb II of Gdala	560	7			646 [B]; 644-646 [PS]; 644 [C]		E	638	195-196	642			643		641	82	644				640	96-97	639		645	43		Jesuyab II								Isho'jahb II, Katholikos	Gdala in Bet 'Arbaya, Nisibis, Balad, Beroea, Karkā d-Bēt Slōk  [PS]	School of Nisibis [PS]	Catholicos of the church of the East [B]; Bishop [PS]		
Ishoʿyahb III of Adiabene	561	7			659 [B]; 657-58 [PS]; 658 [C]		E [B]	638	197-198	642			643		641	86	644				640	99-100	639		645	45		Jesuyab III								Isho'jahb III, Katholikos	Nineveh, Arbela [B]; Adiabene, Seleucia-Ctesiphon, Bēt ‘Abē [PS]; Kouphlana, Nisibis	Monastery of Beth 'Abe [B]; School of Nisibis [PS]	Monk, Bishop of Nineveh, Metropolitan of Arbela, Catholicos [B]; Teacher at Monastery of Bēt ‘Abē [PS]	Jacob of Bēt ‘Abē [PS]	
Ishoʿyahb IV	562	11						638		642			643		641		644				640		639		645																W. C. van Unnik, Nestorian Questions on the Administration of the Eucharist, by Ishoʿyabh IV (1937; repr. 1970).
Ishoʿyahb (Joseph) bar Malkon	563	12-13					E	638	309	642			643		641		644				640	128	639		645			Joseph bar Malkon									Nisibis [C]		Metropolitan of Nisibis [C]		
Israel of Alqosh	566	16-17		1541	after 1610		E	638	334-335	642	48-49, 99		643	523-525	641		644				640		639		645																
Iyob der Gefleckte	568							638	230	642			643		641		644				640		639		645				<forename>Ajjûb</forename> <addName type='untagged-title'>der Gefleckte</addName>	Ajjûb der Gefleckte	Ajjûb		der Gefleckte								
Johannes Chrysostomos	573							638	75/ 80-81	642			643		641		644				640		639		645				<forename>Johannes</forename> <addName type='family'>Chrysostomos</addName>	Johannes Chrysostomos	Johannes	Chrysostomos									
John Philoponos	576	6						638	162-163	642			643		641		644				640		639		645																
Khamis bar Qardaḥe	587	13					E	638	321-322	642			643		641		644				640	138	639		645	69-70		Khamis bar Cardahe									Arbele [C]		Priest [C]		
Makarios	601							638	85-86	642			643		641		644				640		639		645				<forename>Makarios</forename>	Makarios	Makarios										
Màrā bar Serapion	614							638	10	642			643		641		644				640		639		645				<forename>Màrā</forename> <addName type='family'>bar Serapion</addName>	Màrā bar Serapion	Màrā	bar Serapion			ʿ						
Markianos	615							638	84/ 90-91	642			643		641		644				640		639		645				<forename>Markianos</forename>	Markianos	Markianos										
Markos	619							638	84/ 91-92	642			643		641		644				640		639		645				<forename>Markos</forename>	Markos	Markos										
Bischof Meliton von Sardes	631	2-3						638	27	642			643		641		644				640		639		645				<addName type='untagged-title'>Bischof</addName> <forename>Meliton</forename> <addName type='untagged-title'>von Sardes</addName>	Bischof Meliton von Sardes	Meliton		Bischof	 von Sardes							
Methodios	635							638	76	642			643		641		644				640		639		645				<forename>Methodios</forename>	Methodios	Methodios										
Michael Badoqa	637	6-7					E	638	129	642			643		641	70	644				640		639		645											Michael magister Nisibenus	Nisibis [PS]	School of Nisibis [PS]		Henanae [PS]	
Peter Mubarak	643	17-18		1633	1742		Maron	638		642	59-60		643		641		644				640		639		645																
Moses of Mardin	646	16	yes				Syr Orth	638		642	24		643		641		644		709	535	640		639		645												Mardin				
Naqqāsheh, Afram	649	19-20						638		642			643		641		644				640		639		645																
Narsai	650	5	yes	c.399 [B] [PS]	c.502 [B] [PS]		E	638	109-113	642			643		641	47	644				640	50-51?	639	58-59	645	29-30		Narses								Narsai (Narsetes)	Ain Dulba, Edessa, Nisibis [B] Mopsuestia; Maalta,	School of Nisibis, Monastery of Kefar-Mari, School of Edessa  [PS]	Head of school in Edessa [B]	Bishop Barsauma, Emmanuel (maternal uncle and head of sch. Of Nisibis), Theodulus, Hibā (Edessa’s duophysite bishop) [PS]	
Nathanael of Sirzor	651	6-7			628 [PS]; c.611 [C]		E	638	129-130	642			643		641	71	644				640	59	639		645			Nathanael								Nathanael (Natniel) ep. In Sirzor	Nisibis, Sirzor [PS]	School of Nisibis [PS]; Synod of 605 [C]	Bishop of Sirzor [PS]		
Nestorius of Beth Nuhadra	654	8					E	638	226	642			643		641		644				640		639		645																
Neilos	657							638	84/ 91	642			643		641		644				640		639		645				<forename>Neilos</forename>	Neilos	Neilos										
Palladios	668							638	92	642			643		641		644				640		639		645				<forename>Palladios</forename>	Palladios	Palladios										
Job of Edessa	668	8-9	yes			Early 9th [B]	E [B]	638	230	642			643		641		644				640		639		645	55-56											Edessa [B]				
Papa bar ʿAggai	669	4					E	638	029-030	642			643		641		644				640		639		645				 <forename>Pàpā</forename> <addName type='family'>bar ʿAggai</addName> 	 Pàpā bar ʿAggai 	Pàpā	bar ʿAggai									NB Mostly (all?) spurious
Paul of Nisibis	673	6			571 [C]		E	638	120-121	642			643		641	58	644				640	52-53	639	122	645			Paul de Nisibe								Paulus Nisibenus	Arbela, Nisibis, Seleucia-Ctesiphon, Constantinople [PS]	School of Arbela, Synod of Seleucia-Ctesiphon [PS]; School of Ebedjesus [C]	Head of School of Arbela, Bishop of Nisibis [PS]	Abraham of Bet Rabban, Mar Aba [PS]	
Paul the Philosopher	675	6					E	638	121	642			643		641		644				640		639		645																cf EDSH
Probus	686	5					E	638	102	642			643		641		644				640		639	64-65	645																
Cyrus of Edessa	697	6	yes			2nd Quarter of the 6th	E	638	122	642			643		641	60	644				640	78	639		645	36		Cyrus								Cyrus (Qijore) Edessenus	Edessa, Hirta (al-Hira) [B}]	School of Seleucia-Ctesiphon, Monastery-school at Hirta (al-Hira) [B]	Director of School of Seleucia-Ctesiphon [B]; Teacher at School of Nisibis [PS]	Disciple of Mar Aba (Catholicos 540-552) [B]	
Rahmani	701							638		642			643		641		644				640		639		645	72															
Sabrišoʿ I	708	6-7	yes		Sept 19, 604 [PS]; c.680 [C]		E	638	128	642			643		641	80	644				640	102	639		645		Rostam [C]	Sabarjesus								Sabrisho' I, Katholikos	Nisibis, Lashom, Seleucia-Ctesiphon [PS]; Herem	School at Nisibis, Synod of Seleucia-Ctesiphon [PS]; Monastery of Mount Izla, of Beit Abe, of Beit Koka [C]	Shepherd, Monk, Missionary Bishop, Catholicos [PS]		
Sabrišoʿ bar Paulos	709	12					E	638	290	642			643		641		644				640		639		645																
Sahdona (Martyrius)	711	7	yes	Beginning of 7th [C]			E	638	221-222	642			643		641	90	644				640	98-99	639		645	42-43		Sahdona								Sahdona seu Martyrios	Halmon, Nisibis, Mt. Izla, Mahoze d-Arwan, Edessa [PS];  Apamee [C]	School of Nisibis, Monastery of Bēt ‘Abē [PS]	Bishop of Mahoze d-Arwan [PS]	Jacob of Beit Abe [C]	
Sergius bar Waḥle	717	15-16					E	638	330-331	642	35-36		643	513	641		644				640		639		645	71															
Ṣawma, Rabban	721	13-14					E	638	325-326	642			643		641		644				640		639		645																
Shahdost of Tirhan	732	8					E	638	215	642			643		641		644				640		639		645																
Shallita of Rishaina	734	8					E	638	213	642			643		641		644				640		639		645																
Ṣharbokht bar Msargis	736	9						638		642			643		641		644				640		639		645																cf EDSH
Simeon of Rewardashir	740	7					E	638	206-207	642			643		641	93	644				640		639		645											Simeon e Rewardashir					
Simeon of Shanqlabad	741	12-13					E	638	310	642			643		641		644				640	128-129	639		645			Simeon de Schanklava									Schanklava [C]		Monk [C]		
Simeon d-Taibutha	742	7					E [B]	638	209-210	642			643		641		644				640		639		645	47	Shem'on d-Taybutheh [B]												Monk [B]	Rabban Shabur [B]	
Simeon the Stylite	744	4-5	yed	390 [PS]			W [PS]	638	060-061	642			643		641	36	644				640		639	55-56	645				<forename>Šemʿôn</forename> <addName type='untagged-title'>der Stylite</addName>	Šemʿôn der Stylite	Šemʿôn 		der Stylite		 						
Solomon of Basra	745	13	yes			Early 13th [B]	E [B]	638	309	642			643		641		644				640	134	639		645	63		Salomon									Akhlat, Prath d-Maishan, or Basra [B]		Metropolitan [B]		
Shubḥalmaran of Karka de Beth Selok	746	6-7				Late 6th early 7th [B]	E	638	133	642			643		641	76	644				640		639		645	40	Shubhalemara Bishop in Karka d-Bet Slok [PS]									Shubhalemaran ep. in Karka de Beth Selok	Karka [PS]		Bishop of Karka [PS]		
Silvanus of Qardu	748	7	yes				E	638	197	642			643		641	85	644				640		639		645		Silvanus									Silvanus de Qardu				Rabban Hormizd [PS]	
Symmachus (2)	761	05-06 ?					W	638		642			643		641		644				640		639		645	35															Wrote conclusion to Syriac trans of Greg Nys comm on Song of Songs
Tatianos	771					172/3		638	19-21	642			643		641		644				640		639		645				<forename>Tatianos</forename>	Tatianos	Tatianos										
Theodore of Mopsuestia	780	5			428			638	102-104	642			643		641		644				640		639		645				<forename>Theodoros</forename> <addName type='untagged-title'>von Mopsuestia</addName>	Theodoros von Mopsuestia	Theodoros		von Mopsuestia								
Theodoret	781	5						638	106-107	642			643		641		644				640		639		645				<forename>Theodoretos</forename>	Theodoretos	Theodoretos										
Theodore bar Koni	783	8					E	638	218-219	642			643		641	155	644				640	107-108	639		645	53		Theodore bar Koni								Theodorus Bar Koni (Kewani)	Beth'Aramaye [B]	School of Kashkar [B]	Teacher at the School of Kashkar [B]		
Theophilus of Edessa	787	8			15.7.785		Maron	638	341-342	642			643	639-642	641		644		709	521	640	91	639		645		Chalcedonian, Maronite [C]	Theophile d'Edesse									Edessa [C]			Son of Thomas [C]	
Timothy I	790	8-9		c.728 [B]	823 [B]; Jan 9, 823 [PS] [C]		E	638	217-218	642			643		641	153	644				640	108-109	639		645	53-55		Timothee 1er								Timotheus I Katholikos	Hazza, Marga, Mosul, Beth Baghash [B]; Seleucia	School at Bashosh,nl Monastery  of Mar Gabriel [B]; Synods held in 790-791 and 804 [PS]	Bishop of Beth Baghash, Catholicos [B]	George bishop of Beth Baghash (uncle), Abraham bar Dashandad [B]	
Timothy II	791	14			1353		E	638	325	642			643		641		644				640	142	639		645	70		Timotee											Patriarch [C]		
Timothy Ailouros	793	5						638	162	642			643		641		644				640		639		645																
Bischof Titos von Bostra	794							638	58/ 60	642			643		641		644				640		639		645				<addName type='untagged-title'>Bischof</addName> <forename>Titos</forename> <addName type='untagged-title'>von Bostra</addName>	Bischof Titos von Bostra	Titos		Bischof	 von Bostra							
Thomas of Edessa	795	6				2nd Quarter of the 6th	E	638	121-122	642			643		641	59	644				640	54	639		645	36		Thomas d'Edesse								Thomas Edessenus	Nisibis [B]; Byzantium [PS]	School of Nisibis [B]	Teacher at School of Nisibis [B]	Pupil of Mar Aba [B]	
Thomas of Marga	796	9				Mid 9th [B]	E [B]	638	233-234	642			643		641	156	644				640	110-111	639		645	58		Thomas de Marga								Thomas Metropolita Margae	Marga [B]; Beit Garmai [C]	Monastery of Bēt ‘Abē [PS]	Bishop [B]; Monk, Metropolitan [PS]	Timothy I (brother); Abraham II [PS]	
Katholikos Jahb(h)allàhā I.	809							638	55	642			643		641		644				640		639		645				<addName type='untagged-title'>Katholikos</addName> <forename>Jahb(h)allàhā</forename> <addName type='untagged-title'>I.</addName>	Katholikos Jahb(h)allàhā I.	Jahb(h)allàhā		Katholikos	 I.							
Joseph the Catholicos	812	6			575-6		E	638	124	642			643		641	62	644				640		639		645											Ioseph (Jauseph) Katholikos	Nisibis [PS]		Catholicos [PS]		
Joseph II of Telkepe	813	17		1667	1713 [Teule]; 1731 [Macuch]		E	638	330	642	42-44		643	531-533	641		644				640		639		645	71													Catholicos		
Joseph Ḥazzaya	816	8	yes			Mid 8th [B]; c.580 [C]	E [B]	638	222-223	642			643		641	92	644				640	97; 55-56	639		645	52		Joseph Hazzaya								Ioseph (Jauseph) Hazzaja (= Videns)	Bet Nuhadra [PS]; Curdistan [C]	Monastery of Abba Ṣlībā, Monastery of Mar Bassima, Monasteryof Rabban Boktīšō‘ [PS]	Monk, Abbot [PS]	Brother of Ebedisho [C]	
Joseph Huzaya	817	6					E [PS]	638	116-117	642			643		641	56	644				640		639		645											Iospeh (Jauseph) Huzaya	Bēt Hūzayē [PS]			Narsai [PS]	
Joseph bar Jemdani of Telkepe	818	16-17		1590	1666		E	638	335	642	99-100		643		641		644				640		639		645																
John Azraq	819	8					E	638	210	642			643		641	100	644				640		639		645											Ioannes (Johannan) Azraq	Ḥirtā [PS]				
John V bar Abgare	820	9-10			16.5.905		E	638	235	642			643		641		644				640		639		645														Catholicos		
John bar Penkaye	821	7					E [B]	638	210-211	642			643		641	101	644				640	105	639		645	47-48	Iohannan	Jean de Penek								Ioannes bar Penkaje	Penek [PS]	Monastery of Mar John of Kamul, Monastery ofMar Bassima [B]	Monk [B]		
John bar Serapion	822	8-9					E	638	231	642			643		641		644				640		639		645																
John bar Zoʿbi	823	12-13					E	638	310-311	642			643		641		644				640	129	639		645	63		Jean bar Zoubi									Beit Koka [C]		Monk [C]		
John of Beth Rabban	824	6					E	638	115-116	642			643		641	55	644				640		639		645																
John of Dailam	825	7-8			737/8		E	638	211	642			643		641		644				640		639		645																
John of Dalyatha	826	8	yes			Mid 8th [B]	E [B]	638	225-226	642			643		641	106	644		709	433-44	640	106	639	109-10	645	51-52	Saba the Elder [PS]	Jean Saba de Dalyata								Ioannes e Daljata	N. Iraq, Mount Qardu [B]; Ardamout	Monastery of Yozadak,Monastery of Beit Dalyata  [C]	Monk [B]; Founder of Monastery of Beit Dalyata [C]		
John of Apamea	827	5	yes				W [PS]	638	166-167	642			643		641	41	644		709	430-33	640		639		645	25-26										John the Soliary	Apamea				
John of Mosul	828	13			1270 [C]		E	638	307	642			643		641		644				640	138	639		645			Jean de Mossul									Mossul [C]	Monastery of Saint-Michael [C]	Monk [C]		
John Sullaqa	829	16					Chald	638		642			643		641		644		709	523	640		639		645																
John Maron	832	07 -08		625	707		Maron	638	342	642			643		641		644				640		639		645																
S. Julius Africanus	840							638	76	642			643		641		644				640		639		645				<addName type='untagged-title'>S.</addName> <forename>Julius</forename> <addName type='untagged-title'>Africanus</addName>	S. Julius Africanus	Julius		S.	 Africanus							
Zenobius of Gzirta	853	4					S	638	66	642		11	643		641	24	644		709	168-9	640	32-33	639	38-39	645			Zenobius	<forename>Zenobios</forename>	Zenobios	Zenobios					Zenobius e Gazir	Edessa [PS]		Deacon of Edessa [PS]	Disciple of Ephrem	
Ammoni(o)s	855							638	84-85	642			643		641		644				640		639		645				<forename>Ammoni(o)s</forename>	Ammoni(o)s	Ammoni(o)s										
Makarios	856							638	85-86	642			643		641		644				640		639		645				<forename>Makarios</forename>	Makarios	Makarios										
Hieronymus	857							638	92-93	642			643		641		644				640		639		645				<forename>Hieronymus</forename>	Hieronymus	Hieronymus										
Cyprian of Nisibis	862	8			767		E	638	213	642			643		641		644				640	106	639		645																
Theodore of Merw	863	6				6th [PS]	E	638	122	642			643		641	61	644				640	55	639		645			Theodore								Theodorus ep. in Merw			Metropolitan of Merv [C]	Disciple of Mar Aba I	
Elijah of Merw	865	7					E	638	208	642			643		641		644				640	102	639		645			Elias									Merv [C]		Bishop of Merv [C]		
Ephrem of Elam	867	8-9					E	638	218	642			643		641		644				640		639		645																
Surin of Nisibis	870	7					E	638	196-197	642			643		641	84	644				640	59	639		645			Sourin								Surin	Nisibis [PS]	School of Nisibis [PS]	Teaching exegesis at the School of Nisibis [PS]		
Mika of Beth Garmai	871	7					E	638	207-208	642			643		641		644				640		639		645																
Paul of Anbar	876	8					E	638	213	642			643		641		644				640		639		645																
Barṣawma of Karka de Ladan	878	7				First half of 7th [PS]	E	638	196	642			643		641	83	644				640		639		645											Bar Sauma ep. Karkae de Laden			Bishop of Karka de Laden [PS]		
Abraham of Basra	879	10-11					E	638	240	642			643		641		644				640		639		645																
Aphnimaran of Karka de Beth Selok	883	7					E	638	204	642			643		641		644				640		639		645																
Ishoʿpanah of Beth Qatraye	884	7					E	638	208	642			643		641		644				640		639		645																
Babai of Meʿarre	885	6-7					E	638	132-133	642			643		641		644				640		639		645																
ʿAbdishoʿ of Balad	886	10					E	638	239-240	642			643		641		644				640		639		645										Baumstark uses Assemani's corrupt name; where does Baumstark get "Balad" from?						
ʿAbd Meshiha of Hirta	889	9-10					E	638	241	642			643		641		644				640	117-118	639		645																
John of Beth Garmai	892	7					E	638	203-204	642			643		641		644				640		639		645																
Abraham of Beth Ḥale	893	7					E	638	211	642			643		641		644				640		639		645																
Solomon of Hdatta	894	8					E	638	214	642			643		641		644				640		639		645																
Abu Nuh	895	8-9					E	638	218	642			643		641		644				640		639		645																
Kyriakos of Nisibis	899	7					E	638	196	642			643		641		644				640		639		645																
Simeon Tabbahe	900	8					E	638	214	642			643		641		644				640		639		645																
Mshihazka	901	6					E	638	134-135	642			643		641		644				640	56-57	639		645			Meschihazeka													NB Attribution improbable!
Atqen, Mar	902	7-8					E	638	206	642			643		641		644				640		639		645																
Budh	905	6					E	638	124-125	642			643		641	63	644				640		639		645											Bud			Periodeutes [PS]		
Abraham bar Qardaḥe	907	6					E	638	127	642			643		641		644				640		639		645																
Simeon Qurdlainaya	910	8					E	638	210	642			643		641		644				640		639		645																
Bar Sahde	917	7-8	yes				E	638	135	642			643		641	79	644				640	105-106	639		645											Bar Shade	Karka d-Bet Slok [PS]				
Simeon Barqaya	918	6-7					E	638	135-136	642			643		641		644				640		639		645																
Eliya bar Kanosh	927						E	638	240	642			643		641		644				640		639		645																
John bar Kaldun	928	10	yes		979 [C]		E	638	240	642			643		641		644				640	117	639		645			Jean bar Khaldoun												Jospeh Bousnaya the monk [C]	
Gabriel of Shabbukost	932	10-11 ?					E	638	240	642			643		641		644				640		639		645																
Elijah III Abu Halim	933	12			12 Apr 1190 [B]		E [B]	638	288-289	642			643		641		644				640	128	639		645	62		Elias III Abou Halim									Maipherqat, Nisibis,		Bishop of Maipherqat, Metropolitan of Nisibis, Catholicos [B]		
Ramishoʿ bar Sabroy	938	8					W	638	245-246	642		100	643		641		644				640		639		645																
Elijah of Antioch	945	8					W [PS]	638	269	642		115	643		641	137	644				640		639		645	51										Elias Episcopus				Leo (syncellus of the bishop of Ḥarran) [PS]	
Wafa the Aramaean	947	??					Pagan	638		642		1	643		641		644				640		639		645																
Baba of Harran	949	?					Pagan	638	11	642			643		641		644				640		639		645				<forename>Bàb(h)ā</forename>	Bàb(h)ā	Bàb(h)ā										
Harmonios	950							638	14	642			643		641		644				640		639		645				<forename>Harmonios</forename>	Harmonios	Harmonios										
Phillip, disciple of Bardaisan	951	3					S	638	14	642			643		641		644				640		639	30	645				<forename>Philippos</forename>	Philippos	Philippos										
Audaios, ʿUda	952	4					S	638	15-16	642			643		641	22	644				640		639		645				<forename>ʿÛd(h)ā</forename>	ʿÛd(h)ā	ʿÛd(h)ā					Uda seu 'Udai	Edessa [PS]	The Audians (sect he formed) [PS]	Archdeacon in Edessa [PS]		
Pàlûṭ	953	2-3						638	21	642			643		641		644				640		639		645				 <forename>Pàlûṭ</forename> 	 Pàlûṭ 	 Pàlûṭ 										
Andreas	954							638	30	642			643		641		644				640		639		645				<forename>Andreas</forename>	Andreas	Andreas										
David von Bàṣrā	955							638	30	642			643		641		644				640		639		645				 <forename>David</forename> <addName type='untagged-title'>von Bàṣrā</addName> 	 David von Bàṣrā 	David		von Bàṣrā								
Gaddjahb von Bêt(h) Lapat	956							638	30	642			643		641		644				640		639		645				 <forename>Gaddjahb</forename> <addName type='untagged-title'>von Bêt(h) Lapat</addName> 	 Gaddjahb von Bêt(h) Lapat 	 Gaddjahb 		 von Bêt(h) Lapat								
 Jôḥannàn von Maišàn 	957							638	30	642			643		641		644				640		639		645				<forename>Jôḥannàn</forename> <addName type='untagged-title'>von Maišàn</addName>	Jôḥannàn von Maišàn	 Jôḥannàn		 von Maišàn								
Bischof Eusebios von Samosata	958							638	60	642			643		641		644				640		639		645				<addName type='untagged-title'>Bischof</addName> <forename>Eusebios</forename> <addName type='untagged-title'>von Samosata</addName>	Bischof Eusebios von Samosata	Eusebios		Bischof	 von Samosata							
Šemʿôn bar Apollôn	959							638	61	642			643		641		644				640		639		645				<forename>Šemʿôn</forename> <addName type='family'>bar Apollôn</addName>	Šemʿôn bar Apollôn	Šemʿôn	bar Apollôn									
 Barḥāṭar bar Ûd(h)ān 	960							638	61	642			643		641		644				640		639		645				 <forename>Barḥāṭar</forename> <addName type='family'>bar Ûd(h)ān</addName> 	 Barḥāṭar bar Ûd(h)ān 	 Barḥāṭar 	bar Ûd(h)ān 									
Akakios von Aleppo	961							638	61	642			643		641		644				640		639		645				<addName type='untagged-title'>Bischof</addName> <forename>Akakios</forename> <addName type='untagged-title'>von Aleppo</addName>	Bischof Akakios von Aleppo	Akakios		Bischof	 von Aleppo							
 Jaʿqôb(h) 	962							638	66	642			643		641		644				640		639		645				<forename>Jaʿqôb(h)</forename>	Jaʿqôb(h)	 Jaʿqôb(h) 										
Ambrosios	963							638	76	642			643		641		644				640		639		645				<forename>Ambrosios</forename>	Ambrosios	Ambrosios										
Abraham	964							638	66	642			643		641		644				640		639		645				<forename>Abraham</forename>	Abraham	Abraham										
 Màrā von Aggel 	965							638	66	642			643		641		644				640		639		645				<forename>Màrā</forename> <addName type='untagged-title'>von Aggel</addName>	Màrā von Aggel	Màrā		von Aggel								
Antonios	966							638	84	642			643		641		644				640		639		645				<forename>Antonios</forename>	Antonios	Antonios										
Maʿna of Shiraz	967	5					E	638	105-106	642			643		641		644				640		639	62-63	645				<forename>Maʿnā</forename>	Maʿnā	Maʿnā				not person/24						
Baboi	968	5			484 [PS]		E	638	107	642			643		641	51	644				640		639		645				<addName type='untagged-title'>Katholikos</addName> <forename>Bàb(h)ôj</forename>	Katholikos Bàb(h)ôj	Bàb(h)ôj		Katholikos			Baboj	Seleucia-Ctesiphon [PS]		Catholicos of Seleucia-Ctesiphon [PS]		
Babai	969	6			502 or 503 [PS]		E	638	113	642			643		641	53	644				640		639		645				<addName type='untagged-title'>Katholikos</addName> <forename>Bàb(h)aj</forename>	Katholikos Bàb(h)aj	Bàb(h)aj		Katholikos			Babaj	Seleucia-Ctesiphon [PS]	Synod of 497 [PS]	Secretary to military commander [PS]		
Gregory of Kashkar	970	6-7			608/9		E	638	128	642			643		641		644				640		639		645				<forename>Grîg(h)ôr</forename> <addName type='untagged-title'>von Kaškar</addName>	Grîg(h)ôr von Kaškar	Grîg(h)ôr		von Kaškar								
Dadishoʿ of Mount Izla	971	6		529 [PS]	604 [PS]		E	638	130-131	642			643		641	73	644				640	56	639		645			Dadjesus	<forename>Dàd(h)îšôʿ</forename>	Dàd(h)îšôʿ	Dàd(h)îšôʿ					Dadisho' abbas in Monte Izla	Bet Daraye, Adiabene, Mt. Izla [PS]	Monastery on Mt. Izla [PS]	Abbot of Monastery on Mt. Izla [PS]		
Zinai, disciple of Stephanos	972						E	638	131	642			643		641		644				640		639		645				<forename>Zînai</forename>	Zînai	Zînai										
Elisha bar Sapnin	973	6-7					E	638	132	642			643		641		644				640		639		645				<forename>Elîšaʿ</forename> <addName type='family'>bar Sap(h)nîn</addName>	Elîšaʿ bar Sap(h)nîn	Elîšaʿ	bar Sap(h)nîn									
Baʿut	974	6-7					E	638	133-134	642			643		641	77	644				640		639		645				<forename>Bàʿût(h)</forename>	Bàʿût(h)	Bàʿût(h)					Ba'ut Monachus	Beth Nuhadra [PS]	Monastery of Beth Nuhadra [PS]	Founder of Monastery of Beth Nuhadra [PS]		
Ḥenanišoʿ	975	7					E	638	134	642			643		641	78	644				640		639		645			Henanjesus	<addName type='family'>Mönch</addName> <forename>Ḥĕnànîšôʿ</forename>	Mönch Ḥĕnànîšôʿ	Ḥĕnànîšôʿ	Mönch				Henanisho' Monachus	Hirta, Bet Garmay [PS]	Monastery in Darad in Bēt Garmay [PS]	Founder of Monastery in Darad [PS]	Mundir ibn Nu‘mān, the king of the Arabs (relative) [PS]	
Barḥadbshabba of Ḥalwān	976	6-7				Early 7th	E	638	136	642			643		641	67	644				640	59	639		645	40		Barhadbeschabba	<addName type='untagged-title'>Bischof</addName> <forename>Barḥad(h)bĕšabbā</forename> <addName type='untagged-title'>von Ḥalwàn</addName>	Bischof Barḥad(h)bĕšabbā von Ḥalwàn	Barḥad(h)bĕšabbā		Bischof	 von Ḥalwàn		Barhadbeshabba Halwanensis	Halwan [B]	School of Nisibis [C]	Bishop [B]	Henana [C], Catholicos Gregory [B]	
John	977	5					W	638	147-148	642			643		641		644				640		639		645				<forename>Jôḥannàn</forename>	Jôḥannàn	Jôḥannàn										
George	978	5-6					W	638	159	642			643		641		644				640		639		645				<forename>Georgios</forename>	Georgios	Georgios										
Thomas of Mar Bassos	979	6					W	638	351	642			643		641		644				640		639		645				<forename>Thomas</forename>	Thomas	Thomas										
Aaron of Alexandria	980	6-7					W	638	189	642			643		641		644				640		639		645				<addName type='untagged-title'>Priester</addName> <forename>Ahrôn</forename>	Priester Ahrôn	Ahrôn		Priester								
John (Iwannis) of Birta	981	7					W	638	191	642			643		641		644				640		639		645				<addName type='untagged-title'>Bischof</addName> <forename>Iwanîs</forename> <addName type='untagged-title'>von Bîrtā</addName>	Bischof Iwanîs von Bîrtā	Iwanîs		Bischof	 von Bîrtā							
John the Persian	982	7			611 [C]		E	638	203	642			643		641		644				640	101-102	639		645			Jean le Persan	<forename>Jôḥannàn</forename> <addName type='untagged-title'>der Perser</addName>	Jôḥannàn der Perser	Jôḥannàn		der Perser				Near Mossul [C]	Monastery of Mount Izla [C]	Abbot of Monastery of Mount Izla and Mar Kodawai , Founder of Monastery of Beit Hale [C]	Disciple of Beit Abe [C]	
Sergius of Beth Garmai	983	7					E	638	204	642			643		641		644				640		639		645				<forename>Sargîs</forename>	Sargîs	Sargîs										
Ishozkha	984	7					E	638	204	642			643		641		644				640		639		645				<forename>Îšôʿzĕk(h)ā</forename>	Îšôʿzĕk(h)ā	Îšôʿzĕk(h)ā										
Sabrisho Rostam	985	7					E	638	204-205	642			643		641		644				640		639		645				<forename>Sab(h)rîšôʿ Rôsṭàm</forename>	Sab(h)rîšôʿ Rôsṭàm	Sab(h)rîšôʿ Rôsṭàm										
Simeon the monk	986	7					E	638	205	642			643		641	87	644				640		639		645				<forename>Šemʿôn</forename>	Šemʿôn	Šemʿôn					Simeon Monachus				Rabban Yozadaq [PS]	
Solomon bar Garaph	987	7					E	638	205	642			643		641		644				640		639		645				<forename>Šĕlêmôn</forename> <addName type='family'>bar Gàràp(h)</addName>	Šĕlêmôn bar Gàràp(h)	Šĕlêmôn	bar Gàràp(h)									
David, Bishop of the Kartwaye	988	7					E	638	205-206	642			643		641		644				640		639		645				<forename>Dawîd</forename>, <addName type='untagged-title'>Bischof des Kurdenstammes der Kartûʾàjē</addName>	Dawîd, Bischof des Kurdenstammes der Kartûʾàjē	Dawîd		Bischof des Kurdenstammes der Kartûʾàjē								
Yazdpanah of Kashkar	989	7					E	638	208	642			643		641		644				640		639		645				<addName type='untagged-title'>Metropolit</addName> <forename>Jazdap(h)anàh</forename> <addName type='untagged-title'>von Kaškar</addName>	Metropolit Jazdap(h)anàh von Kaškar	Jazdap(h)anàh		Metropolit	 von Kaškar							
George of Elam	990	7					E	638	208-209	642			643		641		644				640		639		645				<addName type='untagged-title'>Metropolit</addName> <forename>Gîwargîs</forename> <addName type='untagged-title'>von Elam</addName>	Metropolit Gîwargîs von Elam	Gîwargîs		Metropolit	 von Elam							
George of Nisibis	991	7					E	638	209	642			643		641	95	644				640		639		645				<addName type='untagged-title'>Metropolit</addName> <forename>Gîwargîs</forename> <addName type='untagged-title'>von Nisibis</addName>	Metropolit Gîwargîs von Nisibis	Gîwargîs		Metropolit	 von Nisibis		Georgius (Giwargis) ep. Nisibis	Nisibis [PS]		Bishop [PS]		
Simeon the Persecuted	992	11-12					E	638	210	642			643		641		644				640		639		645				<forename>Šemʿon</forename> <addName type='untagged-title'>“der Verfolgte”</addName>	Šemʿon “der Verfolgte”	Šemʿon		“der Verfolgte”								
Sabrišoʿ of Nisibis	993	8			727/8 ??		E	638	212	642			643		641	102	644				640		639		645				<addName type='untagged-title'>Metropolit</addName> <forename>Sab(h)rîšôʿ</forename> <addName type='untagged-title'>von Nisibis</addName>	Metropolit Sab(h)rîšôʿ von Nisibis	Sab(h)rîšôʿ		Metropolit	 von Nisibis		Sabrisho' ep. Nisibis	Nisibis [PS]		Bishop of Nisibis [PS]		
Gabriel the Dancer	994	8					E	638	212	642			643		641		644				640		639		645				<forename>Gabriel</forename> <addName type='untagged-title'>Raqqôd(h)ā</addName>	Gabriel Raqqôd(h)ā	Gabriel		Raqqôd(h)ā								
Babai of Gbilta	995	8					E	638	212-213	642			643		641	103	644				640	105	639		645			Babai de Gebilta	<forename>Bàb(h)ai</forename> <addName type='untagged-title'>aus Gĕb(h)îltā</addName> 	Bàb(h)ai aus Gĕb(h)îltā 	Bàb(h)ai		aus Gĕb(h)îltā		Baumstark identifies with the Babai described in BO III/1:177-81, but there Assemani applied description of one Babai by Thomas of Marga to another Babai described by Abdisho.  Not clear if Babai of Gbilta is the same as Abdisho's Babai the Persian (880).	Babaj e Gebilta in Tirhan	Ṭirhan [PS]		Bishop of Gbilta [PS]		
Pethion	996	8					E	638	214	642			643		641		644				640		639		645				<forename>Pet(h)jôn</forename>	Pet(h)jôn	Pet(h)jôn										
Gabriel	997	8-9					E	638	218	642			643		641		644				640		639		645				<forename>Gabriel</forename>	Gabriel	Gabriel										Produced new trans. of poems of Gregory Nazianzen
Gabriel Tawrta	998	7			317-18 [C]		E	638	222	642			643		641	91	644				640	102-103	639		645			Gabriel	<forename>Gabriel</forename> <addName type='untagged-title'>Taurĕt(h)ā</addName>	Gabriel Taurĕt(h)ā	Gabriel		Taurĕt(h)ā			Gabriel Taureta	Shirzor, Nisibis, Mt. Izla [PS]; Edessa [C]	Monastery of Bēt ‘Abē [PS]; Great Monastery [C]	Monk, Abbot [PS]		
John of Apamea (2)	999	8					E	638	226	642			643		641		644				640		639		645				<forename>Jôḥannàn</forename> <addName type='untagged-title'>von Apameia</addName>	Jôḥannàn von Apameia	Jôḥannàn		von Apameia		Not the same as person/827						
Isaac ibn Ḥunain	1000	9-10			12.910/11		E	638	230	642			643		641		644				640		639		645				<forename>Isḥàq</forename> <addName type='family'>ibn Ḥunain</addName>	Isḥàq ibn Ḥunain	Isḥàq	ibn Ḥunain									
ʿAbd al-Masīḥ b. Nāʿima	1002						W	638	230	642			643		641		644				640		639		645				<forename>ʿAbd al-Masîḥ</forename> <addName type='family'>ibn Nāʿima</addName>	ʿAbd al-Masîḥ ibn Nāʿima	ʿAbd al-Masîḥ	ibn Nāʿima									
Abū Bashr Mattā b. Yūnus	1003						E	638	230	642			643		641		644				640		639		645				<addName type='untagged-title'>Abû Bašr</addName> <forename>Mattâ</forename> <addName type='family'>ibn Jûnas</addName>	Abû Bašr Mattâ ibn Jûnas	Mattâ	ibn Jûnas	Abû Bašr								
Zechariah of Merw	1004	9					E	638	232	642			643		641		644				640		639		645				<forename>Zĕk(h)arjā</forename>	Zĕk(h)arjā	Zĕk(h)arjā										
Abū Yaḥyā	1005						E	638	232	642			643		641		644				640		639		645				<addName type='family'>Abû Jaḥjâ</addName>	Abû Jaḥjâ		Abû Jaḥjâ			Baumstark says probably identical with preceding.						
Sabrishoʿ II	1006	9			10.11.835		E	638	233	642			643		641		644				640		639		645				<addName type='untagged-title'>Katholikos</addName> <forename>Sab(h)rîšôʿ</forename> <addName type='untagged-title'>II</addName>	Katholikos Sab(h)rîšôʿ II	Sab(h)rîšôʿ		Katholikos	 II							
Abraham II	1007	9			16.9.850		E	638	233	642			643		641		644				640		639		645				<addName type='untagged-title'>Katholikos</addName> <forename>Abraham</forename> <addName type='untagged-title'>II</addName>	Katholikos Abraham II	Abraham		Katholikos	 II							
Theodosius	1008	9			6.11.858		E	638	233	642			643		641		644				640		639		645				<addName type='untagged-title'>Katholikos</addName> <forename>Theodosios</forename>	Katholikos Theodosios	Theodosios		Katholikos						Catholicos		
ʿAbdishoʿ bar Shaʿarah	1009	10					E	638	238-239	642			643		641		644				640		639		645				<forename>ʿAb(h)dîšôʿ</forename> <addName type='family'>bar Šaʿʿārah</addName>	ʿAb(h)dîšôʿ bar Šaʿʿārah	ʿAb(h)dîšôʿ	bar Šaʿʿārah									
ʿAbdishoʿ I bar Aqre	1010	10			2.6.986		E	638	239	642			643		641		644				640		639		645				<addName type='untagged-title'>Katholikos</addName> <forename>ʿAb(h)dîšôʿ</forename> <addName type='untagged-title'>I</addName> <addName type='family'>bar Aqrē</addName>	Katholikos ʿAb(h)dîšôʿ I bar Aqrē	ʿAb(h)dîšôʿ	bar Aqrē	Katholikos	 I	Baumstark identifies with Assemani's Abdisho I, but Assemani identifies with Abdisho b. Eqarbe on what basis?						
Elijah of Kashkar	1011	10					E	638	240	642			643		641		644				640		639		645				<addName type='untagged-title'>Bischof</addName> <forename>Elijā</forename> <addName type='untagged-title'>von Kaškar</addName>	Bischof Elijā von Kaškar	Elijā		Bischof	 von Kaškar	Assemani identifies with Eliya b. Kanosh; Baumstark says maybe.						
Aaron	1012	9-10					E	638	241	642			643		641		644				640		639		645				<forename>Ahrôn</forename>	Ahrôn	Ahrôn										
Severus of Nisibis	1013	7-8					W [PS]	638	247	642			643		641	127	644				640		639		645				<addName type='untagged-title'>Bischof</addName> <forename>Severus</forename> <addName type='untagged-title'>von Nisibis</addName>	Bischof Severus von Nisibis	Severus		Bischof	 von Nisibis		Severus ep. Nisibis			Bishop [PS]		
Athanasios of Nisibis	1014	7					W [PS]	638	259	642			643		641	135	644				640		639		645				<addName type='untagged-title'>Priester</addName> <forename>Athanasios</forename> <addName type='untagged-title'>von Nisibis</addName>	Priester Athanasios von Nisibis	Athanasios		Priester	 von Nisibis		Athanasius Nisibenus			Priest [PS]		
Ḥarit bar Sisan of Sanbat	1015	09-10 ?					Malk	638	271	642		135	643		641		644				640		639		645				<forename>Ḥàrit(h)</forename> <addName type='family'>bar Màr(j) Sîsân</addName>	Ḥàrit(h) bar Màr(j) Sîsân	Ḥàrit(h)	bar Màr(j) Sîsân									
Aitallaha	1016	07 ?					W	638	276	642			643		641		644				640		639		645				<forename>Ait(h)allàhā</forename>	Ait(h)allàhā	Ait(h)allàhā										Glossator of Gregory Nazianzen
Daniel, Mar	1017	09 ?					W	638	283	642			643		641		644				640		639		645				<addName type='untagged-title'>Màr(j)</addName> <forename>Daniel</forename>	Màr(j) Daniel	Daniel		Màr(j)								
Ishoʿ bar Abraham	1018	09 ?					W	638	283	642			643		641		644				640		639		645				<forename>Îšôʿ</forename> <addName type='family'>bar Abraham</addName>	Îšôʿ bar Abraham	Îšôʿ	bar Abraham									
Emmanuel of Beth Garmai	1019	11			1080		E	638	288	642			643		641		644				640		639		645				<addName type='untagged-title'>Bischof</addName> <forename>Emmanuel</forename> <addName type='untagged-title'>von Bêt(h) Garmai</addName>	Bischof Emmanuel von Bêt(h) Garmai	Emmanuel		Bischof	 von Bêt(h) Garmai							
Yaqqira Abu-l-ʿIzz	1020	12					E	638	289	642			643		641		644				640		639		645				<addName type='untagged-title'>Rabban</addName> <forename>Jaqqîrā</forename> <addName type='untagged-title'>Abû-l-ʿIzz</addName>	Rabban Jaqqîrā Abû-l-ʿIzz	Jaqqîrā		Rabban	 Abû-l-ʿIzz							
John bar ʿAbdun	1021	11					W	638	291	642			643		641		644				640		639		645				<addName type='untagged-title'>Patriarch</addName> <forename>Jôḥannàn</forename> <addName type='family'>bar ʿAb(h)dûn</addName>	Patriarch Jôḥannàn bar ʿAb(h)dûn	Jôḥannàn	bar ʿAb(h)dûn	Patriarch								
Habbib of Edessa	1022	11 ?					W	638	292, 159	642			643		641		644				640		639		645				<forename>Ḥabbîb</forename> <addName type='untagged-title'>von Edessa</addName>	Ḥabbîb von Edessa	Ḥabbîb		von Edessa								
Ishoʿ the Wretch (Silub)	1023	12 ??					W	638	295	642		201	643		641		644				640		639		645				<forename>Îšôʿ</forename> <addName type='untagged-title'>Sîlûb(h)</addName>	Îšôʿ Sîlûb(h)	Îšôʿ		Sîlûb(h)								
Yahballaha II bar Qayyoma	1024	12-13			31.1.1222		E	638	304	642			643		641		644				640		639		645				<addName type='untagged-title'>Katholikos</addName> <forename>Jahb(h)allàhā</forename> <addName type='untagged-title'>II.</addName> <addName type='family'>bar Qajjômā</addName>	Katholikos Jahb(h)allàhā II. bar Qajjômā	Jahb(h)allàhā	bar Qajjômā	Katholikos	 II.							
Masʿud ibn al-Qass	1025	13			1280 [C]		E	638	306	642			643		641		644				640	138	639		645			Masoud Ibn Al-Kass	<forename>Masʿûd</forename> <addName type='family'>ibn al-Qass</addName>	Masʿûd ibn al-Qass	Masʿûd	ibn al-Qass			 			Caliph Mostasem [C]	Doctor [C]		
Sabrišoʿ V bar Mshihaya	1026	13			20.2.1256		E	638	306	642			643		641		644				640		639		645				<addName type='untagged-title'>Katholikos</addName> <forename>Sab(h)rîšôʿ</forename> <addName type='untagged-title'>V.</addName> <addName type='family'>bar Mĕšîḥàjā</addName>	Katholikos Sab(h)rîšôʿ V. bar Mĕšîḥàjā	Sab(h)rîšôʿ	bar Mĕšîḥàjā	Katholikos	 V.							
Mari bar Mshihaya (Abu-l-Khair)	1027	12-13					E	638	306	642			643		641		644				640		639		645				<addName type='untagged-title'>Abû-l-Ḫair</addName> <forename>Màr(j)</forename> <addName type='family'>bar Mĕšîḥàjā</addName>	Abû-l-Ḫair Màr(j) bar Mĕšîḥàjā	Màr(j)	bar Mĕšîḥàjā	Abû-l-Ḫair								
Denḥa I	1028	13			1281		E	638	307	642			643		641		644				640		639		645				<addName type='untagged-title'>Katholikos</addName> <forename>Dènḥā</forename> <addName type='untagged-title'>I.</addName>	Katholikos Dènḥā I.	Dènḥā		Katholikos	 I.							
Daniel bar Ḥattab	1029	13					W	638	320	642	14		643		641		644				640		639		645				<forename>Daniel</forename> <addName type='family'>bar Ḥaṭṭāb(h)</addName>	Daniel bar Ḥaṭṭāb(h)	Daniel	bar Ḥaṭṭāb(h)									
Kyriakos, Rabban	1030	13-14					E	638	322	642			643		641		644				640		639		645				<addName type='untagged-title'>Rabban</addName> <forename>Kyriakos</forename>	Rabban Kyriakos	Kyriakos		Rabban								
Ḥalya Ṣaidaya	1031	14					E	638	322-323	642			643		641		644				640		639		645				<addName type='untagged-title'>Priester</addName> <forename>Ḥaljā</forename>	Priester Ḥaljā	Ḥaljā		Priester								
Isaac, Rabban	1032	14					E	638	323	642			643		641		644				640		639		645				<addName type='untagged-title'>Rabban</addName> <forename>Isḥàq</forename>	Rabban Isḥàq	Isḥàq		Rabban								
Brikishoʿ bar Eskape of Beth Qoqa	1033	14					E	638	323	642			643		641		644				640		639		645				<addName type='untagged-title'>Rabban</addName> <forename>Bĕrîk(h)îšôʿ</forename> <addName type='family'>bar Eškàp(h)ē</addName>, <addName type='untagged-title'>Abt von Bêt(h) Qôqā</addName>	Rabban Bĕrîk(h)îšôʿ bar Eškàp(h)ē, Abt von Bêt(h) Qôqā	Bĕrîk(h)îšôʿ	bar Eškàp(h)ē	Rabban	 Abt von Bêt(h) Qôqā							
Ishoʿyahb bar Mqaddam	1034	15			1440		E	638	329-330	642	34		643	517	641		644				640		639		645				<forename>Îšôʿjahb(h)</forename> <addName type='family'>bar Mĕqaddam</addName>	Îšôʿjahb(h) bar Mĕqaddam	Îšôʿjahb(h)	bar Mĕqaddam									
Ṣaliba bar David	1035	15-16				1509-1522	E	638	331-332	642	36		643	515-516	641		644				640		639		645				<addName type='untagged-title'>Priester</addName> <forename>Ṣĕlîb(h)ā</forename>	Priester Ṣĕlîb(h)ā	Ṣĕlîb(h)ā		Priester								
ʿAttaye bar ʿAbda	1036	16					E	638	332	642	37		643	518-519	641		644				640		639		645				<forename>ʿAṭṭājē</forename> <addName type='family'>bar ʿAb(h)dā</addName>	ʿAṭṭājē bar ʿAb(h)dā	ʿAṭṭājē	bar ʿAb(h)dā									
Abraham of Beth Selokh	1037	16					E	638	332-333	642	37		643	516-517	641		644				640		639		645				<addName type='untagged-title'>Mönch</addName> <forename>Abraham</forename> <addName type='untagged-title'>von Bêt(h) Sĕlôk(h)</addName>	Mönch Abraham von Bêt(h) Sĕlôk(h)	Abraham		Mönch	 von Bêt(h) Sĕlôk(h)							
ʿAbdishoʿ bar John	1038	16			1570		Chald	638	333	642			643		641		644		709	536	640		639		645				<forename>ʿAb(h)dîšôʿ</forename> <addName type='family'>bar Jôḥannàn</addName>	ʿAb(h)dîšôʿ bar Jôḥannàn	ʿAb(h)dîšôʿ	bar Jôḥannàn			Baumstark identifies with ʿAbdishoʿ IV John of Gazarta				Patriarch		
Gabriel of Beth Selokh	1039	16-17		1580	1620		Chald	638	333	642	37-38		643	525-526	641		644				640		639		645				<forename>Gabriel</forename>	Gabriel	Gabriel										
Simeon of Amida	1040	16			1590		E	638	333-334	642	40		643	523	641		644				640		639		645				<addName type='untagged-title'>Metropolit</addName> <forename>Šemʿôn</forename> <addName type='untagged-title'>von Amida</addName>	Metropolit Šemʿôn von Amida	Šemʿôn		Metropolit	 von Amida	not person/261						
Shemsha of Beth Ṣaidaya	1041	15 ?					E	638	334	642	33-34		643	514-515	641		644				640		639		645				<forename>Šemšā</forename>, <addName type='untagged-title'>Priester des Dorfes Bêt(h) Ṣaidàjā</addName>	Šemšā, Priester des Dorfes Bêt(h) Ṣaidàjā	Šemšā		Priester des Dorfes Bêt(h) Ṣaidàjā								
Israel of Kashkar	1042	16					E	638	334	642	34-35		643		641		644				640		639		645				<addName type='untagged-title'>Bischof</addName> <forename>Israël</forename> <addName type='untagged-title'>von Kaškar</addName>	Bischof Israël von Kaškar	Israël		Bischof	 von Kaškar							
Adam of ʿAqra	1043	16-17				1596	Chald	638	334	642	40		643	526	641		644				640		639		645				<forename>Adam</forename> <addName type='untagged-title'>von ʿAqrā</addName>	Adam von ʿAqrā	Adam		von ʿAqrā								
Gabriel of Beth Rabban	1044	16-17				1613/14	E	638	334	642	41		643	526	641		644				640		639		645				<addName type='untagged-title'>Mönch</addName> <forename>Gabriel</forename> <addName type='untagged-title'>von Bêt(h) Rabban</addName>	Mönch Gabriel von Bêt(h) Rabban	Gabriel		Mönch	 von Bêt(h) Rabban	different from person/105						
Gabriel of Gazarta	1045	16-17					E	638	334	642	41		643		641		644				640		639		645				<addName type='untagged-title'>Metropolit</addName> <forename>Gabriel</forename> <addName type='untagged-title'>von Gàzartā</addName>	Metropolit Gabriel von Gàzartā	Gabriel		Metropolit	 von Gàzartā							
Joseph of Gazarta	1046	17					E	638	334	642	41-42		643		641		644				640		639		645				<addName type='untagged-title'>Bischof</addName> <forename>Jàusep(h)</forename> <addName type='untagged-title'>von Gàzartā und T(h)ĕmànôn</addName>	Bischof Jàusep(h) von Gàzartā und T(h)ĕmànôn	Jàusep(h)		Bischof	 von Gàzartā und T(h)ĕmànôn					Bishop		
Darwish bar Ḥanna of Gazarta	1047	17					E	638	334	642	42		643		641		644				640		639		645				<addName type='untagged-title'>Priester</addName> <forename>Darwîš</forename> <addName type='family'>bar Ḥannā</addName>	Priester Darwîš bar Ḥannā	Darwîš	bar Ḥannā	Priester								
John of Beth Mar Aba	1048	17					E	638	334	642	42		643	538	641		644				640		639		645				<forename>Jôḥannàn</forename> <addName type='family'>aus der Familie Màr(j) Àb(h)ā</addName>	Jôḥannàn aus der Familie Màr(j) Àb(h)ā	Jôḥannàn	aus der Familie Màr(j) Àb(h)ā									
ʿAbd el-Masih of Beth Selokh	1049	17					E	638	334	642	42		643	538	641		644				640		639		645				<forename>ʿAbd el-Masîḥ</forename> <addName type='untagged-title'>aus Bêt(h) Sĕlôk(h)</addName>	ʿAbd el-Masîḥ aus Bêt(h) Sĕlôk(h)	ʿAbd el-Masîḥ		aus Bêt(h) Sĕlôk(h)								
George of Alqosh	1050	17-18			ca 1700		E	638	335	642	49		643	529-530	641		644				640		639		645				<addName type='untagged-title'>Priester</addName> <forename>Gîwargîs</forename>	Priester Gîwargîs	Gîwargîs		Priester								
Joseph bar Kyriakos of Alqosh	1051	17-18 ?					E	638	335	642	49		643	530	641		644				640		639		645				<addName type='untagged-title'>Priester</addName> <forename>Jàusep(h)</forename>	Priester Jàusep(h)	Jàusep(h)		Priester								
Yalda the Priest	1052	17-18				1699-1706	E	638	335	642	49		643		641		644				640		639		645				<addName type='untagged-title'>Priester</addName> <forename>Jaldā</forename>	Priester Jaldā	Jaldā		Priester								
George of Tagrit	1053	?					Melk	638	336	642			643		641		644		709	467-68	640		639		645				<addName type='untagged-title'>Bischof</addName> <forename>Georgios</forename> <addName type='untagged-title'>von Tag(h)rît(h)</addName>	Bischof Georgios von Tag(h)rît(h)	Georgios		Bischof	 von Tag(h)rît(h)			Tagrit		Bishop of Tagrit		
John the Stylite	1054	?					Maron	638	342	642			643		641		644				640		639		645				<forename>Jôḥannàn</forename> <addName type='untagged-title'>Stylites</addName>	Jôḥannàn Stylites	Jôḥannàn		Stylites		According to GEDSH 445, unclear whether = person/127						
Joseph al-ʿAquri	1055	17			1647		Maron	638	343	642	54		643	648	641		644		709	553	640		639		645				<addName type='untagged-title'>Patriarch</addName> <forename>Jûsuf</forename> <addName type='untagged-title'>al-ʿAqûrî</addName>	Patriarch Jûsuf al-ʿAqûrî	Jûsuf		Patriarch	 al-ʿAqûrî					Patriarch		
Isaac ash-Shadrawi	1056	17			1663		Maron	638	343	642	54-56		643	648-649	641		644				640		639		645				<addName type='untagged-title'>Metropolit</addName> <forename>Isḥàq</forename> <addName type='untagged-title'>aš-Šadrāwî</addName>	Metropolit Isḥàq aš-Šadrāwî	Isḥàq		Metropolit	 aš-Šadrāwî							
Isa of Beth Shaddad of the Jezira	1058	15			1495		Syr Orth	638		642	21	999	643		641		644				640		639		645																See Dolabani, Syr trans of Barsoum, no. 279
Nur ad-Din of Mardin	1059	15			1500		Syr Orth	638		642	21	999	643		641		644				640		639		645																See Dolabani, Syr trans of Barsoum, no. 281
Abd al-Aziz bar Sallaki	1060	16					Syr Orth	638		642	22-23	999	643		641		644				640		639		645																See Dolabani, Syr trans of Barsoum, no. 289
John bar Maswai	1061	9			857 [C]			638		642			643		641		644				640	112	639		645			Jean bar Maswai									Nineveh, Bagdad [C]		Head of School [C]	Isho bar Nun (Teacher), Honein (Disciple) [C]	
Symmachus	1062	5-6	uncertain				W	638		642			643		641		644				640		639		645	35															Life of Abel
John bar Butahi	1063	14 ?					SyrOrth	638		642		266	643		641		644				640		639		645														Bishop		
Cyril Rizq	1064	18					SyrOrth	638		642		280	643		641		644				640		639		645																
Basilios Isaac Jobeyr	1065	17-18		1643	1721		SyrCath	638		642	28		643	587-588	641		644				640		639		645	71													Maphrian of Mosul		
Athanasios Safar ʿAttar	1066	17-18		1638	1728		SyrCath	638		642	29-30		643	588-590	641		644				640		639		645																
Ignatios III Michael Jarwah	1067	18		1731	1800		SyrCath	638		642	30-31		643	591-593	641		644				640		639		645																
Khidr of Mosul	1068	17-18		1679	1751		Chald	638		642	44-47		643	533-537	641		644				640		639		645																
Joseph Abraham of Rawanduz	1069	18-19		1750	1832		Chald	638		642	47-48		643	539-540	641		644				640		639		645																
Habash bar Jamʿa	1070	18					E	638		642	50		643		641		644				640		639		645																
Moses al-ʿAkkari	1071	16			1567		Maron	638		642	51		643	642-643	641		644				640		639		645																
Peter al-Matushi	1072	16-17		1569	1625		Maron	638		642	51		643		641		644				640		639		645																
Sergius al-Rizzi	1073	16-17		1572	1638		Maron	638		642	52-53		643		641		644				640		639		645																
Peter Mahluf	1074	17-18			1707		Maron	638		642	58		643	653-654	641		644				640		639		645																
Abd al-Masih Liban	1075	17-18			1742		Maron	638		642	60		643		641		644				640		639		645																
John of Mawana	1076	17				1658/59	E ?	638		642	100		643		641		644				640		639		645																
Thomas Tektek Sinjari of Telkepe	1077	18-19 ?					E ?	638		642	101-102		643		641		644				640		639		645																
Hnanisho of Rustaqa	1078	18-19 ?					E ?	638		642	102		643		641		644				640		639		645																
Stephen Rayes	1079	18-19 ?					E ?	638		642	102		643		641		644				640		639		645																
David Kura of Nuhadra	1080	19					Chald	638		642	104-106		643		641		644				640		639		645																
David Bareznaya of Kani Palan	1081	19					Chald	638		642	105		643		641		644				640		639		645																
Bar Daqnana	1088	14					E	638	323	642			643		641		644				640		639		645				<addName type='untagged-title'>Bischof</addName> <forename>Daqnànā</forename>	Bischof Daqnànā	Daqnànā		Bischof								
Joannes von Lykopolis	1089							638	84/ 88-90	642			643		641		644				640		639		645				<forename>Joannes</forename> <addName type='untagged-title'>von Lykopolis</addName>	Joannes von Lykopolis	Joannes		von Lykopolis								
Gabriel Afram	1090							638		642			643		641		644				640		639		645	72															