New URI	Syriaca Matched URI	relation possibly-identical	persName syriaca-headword.en	persName syriaca-headword.Source 1.syr	Alphabetize by	Source 1	citedRange pp.Source 1	sex.Source 2.en	Source 2	citedRange pp.Source 2	note abstract.Source 3.en	Source 3	citedRange pp.Source 3	floruit.Source 4.en	floruit when.Source 4	floruit notBefore.Source 4	floruit notAfter.Source 4	death.Source 4.en	death notBefore.Source 4	death notAfter.Source 4	Source 4	citedRange pp.Source 4	citedRange section.Source 4	citedRange URL.Source 4	persName.Source 5.en	Source 5	citedRange pp.Source 5	citedRange entry.Source 5	citedRange URI.Source 5	idno URI
***			persName syriaca-headword.en	Syriac Name	Alphabetize by	Syr Name Source URI	Syr Name pp	Sex	Sex Source URI	Sex Source pp	Description	Description Source URI	Description Source pp	Floruit	floruit when	floruit notBefore	floruit notAfter	Death date	Death notBefore	Death notAfter	Date Source URI	Date Source pp				PLRE/Prosopographie Chretienne/CPG URI	PLRE/Prosopographie Chretienne/CPG pp			Wikipedia/CBSC
2612			Athanasius II	ܐܬܢܣܝܘܣ		667	288	M	669	255	Bishop of Alexandria following Peter III	669	255	late 5th century		0450	0500				1659	302								https://en.wikipedia.org/wiki/Pope_Athanasius_II_of_Alexandria
2781    			Patrophilus	ܦܛܪܘܦܝܠܘܣ ܐܦܝܣܩܘܦܐ		667	303	M	669	269	Bishop of Aegae and correspondent of Basil of Caesarea	669	269	0376	0376						1697	290-91		http://www.ccel.org/ccel/schaff/npnf208.ix.ccli.html						
2494			Liberius	ܠܝܒܝܪܝܘܣ ܐܦܝܣܩܘܦܐ ܕܪܗܘܡܝ		666	230	M	668	205	Bishop of Rome who supported Athanasius against emperor Constantius who sent him into exile	668	205					0366			1679	565-566								https://en.wikipedia.org/wiki/Pope_Liberius
2695			Macedonius I	ܡܩܕܘܢܝܘܣ		667	288	M	669	312	Bishop of Constantinople and promoter of heresy	669	312						0360		1679	649-650								https://en.wikipedia.org/wiki/Macedonius_I_of_Constantinople
2696			Macedonius II	ܡܩܕܘܢܝܘܣ ܐܦܝܣܩܘܦܐ ܕܩܘܣܛܢܛܝܢܦܘܠܝܣ		670	207	M	670	207	Bishop of Constantinople who was expelled and replaced by Timothy I	670	207					0516-04-25			1679	650								https://en.wikipedia.org/wiki/Macedonius_II_of_Constantinople
2501			Montanus	ܡܘܢܛܢܘܣ		666	245	M	668	219	Founder of Montanism	668	219	2nd century		0100	0200				1679	833-834								
2726			Novatus	ܢܐܘܐܛܘܣ		667	335	M	669	297	A presbyter of Rome and a heretic	669	297, 298	3rd century		0200	0300				1679	936								
	This is the martyr comemmorated in the text bibl/245. We currently have one person URI for all those comemmorated in that text.		Pamphilus	ܦܐܡܦܘܠܝܣ		667	441	M	669	393	A presbyter of Caesarea in Palestine, martyr, and saint	669	393					0310-02-26			1680	31-32								https://en.wikipedia.org/wiki/Pamphilus_of_Caesarea
2707			Papias	ܦܦܝܐ		671	193	M	671	193	Bishop of Hierapolis in Asia Minor and a hearer of John the Evangelist and Polycarp	1646	170-73	2nd century		0100	0200				1680	58			Papias Hierapolitanus	1687	20-21	Papias Hierapolitanus, 1047		https://en.wikipedia.org/wiki/Papias_of_Hierapolis
2469			Paul of Samosata	ܦܘܠܐ ܫܡܝܫܛܝܐ		666	200	M	668	181	Bishop of Antioch who was deprived of his see Synod of Antioch because of heretical teachings	668	181	3rd century		0200	0300				1680	111-112								https://en.wikipedia.org/wiki/Paul_of_Samosata
2735			Peter I of Alexandria	ܦܛܪܘܣ ܪܝܫ ܐܦܝܣܩܘ̈ܦܐ ܘܣܗܕܐ		667	305	M	669	271	Bishop of Alexandria and martyr	669	271						0306	0316	1680	160								https://en.wikipedia.org/wiki/Pope_Peter_I_of_Alexandria
2738			Photinus of Sirmium	ܦܘܛܝܢܘܣ		667	335	M	669	297	Bishop of Sirmium whose heresy was discussed at the Council of Nicaea	669	297, 298, 300, 301						0362		1680	183-84								https://en.wikipedia.org/wiki/Photinus
	2020		Polycarp of Smyrna	ܦܘܠܩܪܦܘܣ ܐܦܝܣܩܘܦܐ ܕܣܡܘܪܢܐ		666	193	M	668	175	Bishop of Smyrna, martyr, and disciple of John the Evangelist	668	175					0167			1680	248								https://en.wikipedia.org/wiki/Polycarp
2509			Siricius	ܣܝܪܝܩܝܘܣ ܪܝܫ ܐܦܝܣܩܘ̈ܦܐ ܕܪܗܘܡܝ		666	250	M	668	223	Bishop of Rome who called for a more careful investigation of the dispute between Flavian I and Evagrius	668	223					0399			1680	600-01								https://en.wikipedia.org/wiki/Pope_Siricius
2756			Sixtus II	ܟܣܘܣܛܘܣ ܕܪܗܘܡܝ		667	314	M	669	279	Bishop of Rome who argued that it was not necessary to re-baptize those who were baptized by heretics as long as their baptism was in the name of the three substances, the Father, the Son, and the Holy Spirit	669	279					0258-08-06			1680	605								https://en.wikipedia.org/wiki/Pope_Sixtus_II
2757			Sozomen	ܣܘܙܡܢܘܣ		671	85	M	671	85	Writer of ecclesiastical history	671	85	5th century		0400	0500				1680	622-23								
2761			Stephen	ܣܛܦܢܘܣ		667	333 	M	669	296	Bishop of Rome who determined that it was not necessary to re-baptize those who had been baptized by heretics	669	296					0257			1680	634-35								
2507			Theophilus	ܬܐܘܦܝܠܘܣ ܪܝܫ ܐܦܝ̈ܣܩܘܦܐ ܕܡܕܝܢܬܐ ܕܐܠܟܣܢܕܪ̈ܝܐ		666	250	M	668	223	Bishop of Alexandria	668	223					0412			1680	764-65								https://en.wikipedia.org/wiki/Pope_Theophilus_of_Alexandria
2779			Valentinus	ܘܠܢܛܝܢܘܣ		667	474	M	670	267	Heresiarch	670	267; 419	2nd century		0100	0200				1680	874-75								https://en.wikipedia.org/wiki/Valentinus_(Gnostic)
2456			Dionysius	ܕܝܘܢܘܣܝܘܣ ܕܐܠܟܣܢܕܪܝܐ		667	314	M	671	248	Bishop of Alexandria who was involved in the debate about re-baptism of those baptized by heretics	668	169-170						0260	0270	1678	715-16								https://en.wikipedia.org/wiki/Pope_Dionysius_of_Alexandria
2635			Dionysius	ܕܝܘܢܘܣܝܘܣ ܐܦܝܣܩܘܦܐ ܕܩܘܪܝܢܬܘܣ		667	319-20	M	669	285	Bishop of Corinth	669	285	2nd century		0100	0200				1678	716								
2432			Dioscorus I	ܕܝܘܣܩܘܪܘܣ ܪܝܫ ܐܦ̈ܝܣܩܘܦܐ ܘܣܗܕܐ		666	151	M	668	136	Bishop of Alexandria and non-Chalcedonian martyr	669	136; 170					0454			1678	722-23								https://en.wikipedia.org/wiki/Pope_Dioscorus_I_of_Alexandria
2457			Fabius	ܦܠܒܝܢܘܣ ܐܦܝܣܩܘܦܐ ܕܐܢܛܝܘܟܝܐ		666	187	M	668	169-170	Bishop of Antioch	668	169-170						0252	0253	1679	2								
2508			Flavian I of Antioch	ܦܠܐܒܝܢܘܣ ܪܝܫ ܐܦܝܣܩܘ̈ܦܐ ܕܐܢܛܝܘܟܝܐ		666	249	M	669	303	Bishop of Antioch	669	303					0404			1679	40-41								https://en.wikipedia.org/wiki/Flavian_I_of_Antioch
2530			Flavian II of Antioch	ܦܠܒܝܢܘܣ		666	4 	M	668	4	Bishop of Antioch	668	4						0518		1679	41								https://en.wikipedia.org/wiki/Flavian_II_of_Antioch
2653			Flavian of Constantinople	ܦܠܐܒܝܐܢܘܣ		670	269	M	669	284	Bishop of Constantinople	669	284					0449			1679	41								https://en.wikipedia.org/wiki/Archbishop_Flavian_of_Constantinople
2627			Clement	ܩܠܝܡܝܣ		667	463	M	669	410	Bishop of Rome	669	410	1st century		0000	0100				1681			http://onlinelibrary.wiley.com/doi/10.1002/9781444338386.wbeah05046/full						https://en.wikipedia.org/wiki/Pope_Clement_I
2463			Irenaeus	ܐܝܪܝܢܐܘܣ ܐܦܝܣܩܘܦܐ ܕܡܕܝܢܬܐ ܠܘܓܕܘܢ		666	193	M	671	193	Bishop of Lyons who wrote Against Heresies	668	175	2nd century		0100	0200				1682			http://onlinelibrary.wiley.com/doi/10.1002/9781444338386.wbeah05090/full						https://en.wikipedia.org/wiki/Irenaeus
2728			Origen	ܐܘܪܓܝܢܝܣ		671	270	M	669	313	A presbyter of Caesarea in Palestine and prolific theologian and biblical commentator	669	313	early 3rd century		0200	0250				1683			http://onlinelibrary.wiley.com/doi/10.1002/9781444338386.wbeah05129/full						
2493			Hosius	ܐܘܣܝܘܣ ܐܦܝܣܩܘܦܐ ܕܩܘܪܕܘܒܝ		666	230	M	668	206	Bishop of Corduba	668	206	mid 3rd-mid 4th century		0250	0350				1684			http://onlinelibrary.wiley.com/doi/10.1002/9781444338386.wbeah05131/full						https://en.wikipedia.org/wiki/Hosius_of_Corduba
2657			Hadrian	ܐܕܪܝܢܘܣ ܡܠܟܐ ܕܪܗܘ̈ܡܝܐ		671	139	M	671	139	Roman Emperor	671	139					0138-07-10			1685			http://onlinelibrary.wiley.com/doi/10.1002/9781444338386.wbeah19088/full						https://en.wikipedia.org/wiki/Hadrian
2461			Decius	ܕܩܝܘܣ		666	187	M	668	170	Emperor who persecuted Christians	668	170					0251			1686			http://onlinelibrary.wiley.com/doi/10.1002/9781444338386.wbeah19170/full						https://en.wikipedia.org/wiki/Decius
2506			Paulinus	ܦܘܠܝܢܘܣ ܦܛܪܝܪܟܐ ܕܗܝ ܕܐܢܛܝܘ̈ܟܝܐ		666	249	M	669	302	Bishop of Antioch who was charged with the uncanonical ordination of Evagrius as his successor	669	302					0388			1668	809-810		https://archive.org/stream/dictionaryofchri00wacerich#page/808/mode/2up						https://en.wikipedia.org/wiki/Paulinus,_Bishop_of_Antioch
2550			Lampetius	ܠܐܡܦܛܝܘܣ		666	61	M	668	55	A follower of the heresy of Adelphius according to Severus of Antioch	668	55	mid 5th century		0425	0475				1669	118-119								
2598			Anastasius	ܐܢܣܛܣ ܐܘܪܫܠܡ		670	308	M	670	308	Bishop of Jerusalem	670	308			0458	0478				1669	4								
2744			Romanus	ܪܘܡܢܘܣ		667	323	M	669	288	Bishop of Rhosus in Cilicia and follower of Julian of Halicarnasus whose ideas were attacked by Severus of Antioch	669	288, 356; Pauline Allen, "Severus of Antioch as Pastoral Carer," Studia Patristica 35 (2001), 358.			0500	0525				1669	82-83								
2637			Domnina	ܕܘܡܢܝܢܐ		667	469	F	669	414	A martyr who (along with the martyrs Prosdocia and Berenice) threw herself into the waves of the Euphrates when threatened	669	414	early 4th century		0300	0350				1646	332-33	VIII.12	http://www.ccel.org/ccel/schaff/npnf201.iii.xiii.xiii.html						https://en.wikipedia.org/wiki/Domnina,_Berenice,_and_Prosdoce
2708			Prosdocia	ܦܪܣܕܘܩܝܐ		667	469	F	669	414	A martyr who (along with the martyrs Domnina and Berenice) threw herself into the waves of the Euphrates when threatened	669	414	early 4th century		0300	0350				1646	332-33	VIII.12	http://www.ccel.org/ccel/schaff/npnf201.iii.xiii.xiii.html						https://en.wikipedia.org/wiki/Domnina,_Berenice,_and_Prosdoce
2618			Berenice	ܒܪܢܝܩܐ		667	469	F	669	414	A martyr who (along with the martyrs Domnina and Prosdocia) threw herself into the waves of the Euphrates when threatened	669	414	early 4th century		0300	0350				1646	332-33	VIII.12	http://www.ccel.org/ccel/schaff/npnf201.iii.xiii.xiii.html						https://en.wikipedia.org/wiki/Domnina,_Berenice,_and_Prosdoce
2473			Palladius	ܦܐܠܐܕܝܘܣ		666	20	M	668	19, 21	Bishop of Antioch	668	19, 21	late 5th century		0450	0500				1670	159								https://en.wikipedia.org/wiki/Patriarch_Palladius_of_Antioch
2549			Adelphius	ܐܕܠܦܝܘܣ		666	61	M	668	55	The source of an antionomian heresy with followers in Armenia, Cappadocia, Pontus, and Galatia	668	55	late 4th century		0350	0400				1657	281, 301								
2687			John II (Hemula)	ܝܘܚܢܢ ܪܝܫ ܐܝ̈ܣܩܦܐ		667	288	M	669	255	Bishop of Alexandria	669	255	late 5th-early 6th century		0496	0505				1657	57								https://en.wikipedia.org/wiki/Pope_John_I_(II)_of_Alexandria
2572			John III of Nicaea	ܝܘܚܢܢ ܪܝܫ ܐܦ̈ܝܣܩܘܦܐ ܕܐܠܟܣܢܕܪܝܐ		667	288	M	668	88 	Bishop of Alexandria and recipient of a letter from Severus of Antioch	668	88	first 1/4 6th century		0505	0516				1657	57								https://en.wikipedia.org/wiki/Pope_John_II_(III)_of_Alexandria
2736			Peter Mongus	ܦܛܪܘܣ ܐܦܝܣܩܘܦܐ ܕܐܠܟܣܢܕܪܝܐ		667	286	M	669	253	Bishop of Alexandria	669	253-56					0489			1657	67								https://en.wikipedia.org/wiki/Pope_Peter_III_of_Alexandria
2555			Sabellius the Libyan	ܣܒܠܝܘܣ		666	6	M	670	216	Libyan heresiarch and proponent of modalism	670	216	early 3rd century		0200	0250				1668	882		https://archive.org/stream/dictionaryofchri00wacerich#page/882/mode/2up						https://en.wikipedia.org/wiki/Sabellius
2488			Mammian	ܡܐܡܝܐܢܘܣ ܐܦܝܣܩܘܦܐ ܕܗܝ ܕܕܪ̈ܡܘܣܩܝܐ		666	22	M	668	20	Bishop of Damascus	668	20	512-518		0512	0518				157	111								
2502			Phaedimus	ܦܗܕܝܡܘܣ		666	246	M	668	219	Bishop of Amasia and a holy man	668	219-221	mid 3rd century		0225	0275				1671	51-52								
2611			Asterius	ܐܣܛܪܝܘܣ ܣܘܦܝܣܛܐ		667	321	M	669	286	A sophist denounced as an Arian	669	286	early 4th century		0300	0350				672	118			Asterius 	672	118	Asterius 2		
2711			Terence	ܛܪܢܛܝܘܣ ܩܘܡܝܣ		667	303	M	669	269	A count and recipient of a letter from Basil of Caesarea	669	269	369-374		0369	0374				672	881			Terentius 	672	881-82	Terentius 2		
2694			Leo II	ܠܘܢܛܪܝܘܣ		670	334	M	670	334	Child Emperor who ruled for a short time in AD 474	670	334					0474			673	664-65			Leo 	673	664-65	Leo 7 (= Leo II)		https://en.wikipedia.org/wiki/Leo_II_(emperor)
2698			Marcian	ܡܪܩܝܢܘܣ		671	296	M	670	236	Byzantine Emperor who called together the Council of Chalcedon.	670	236; 296					0457-01-27			673	715			Marcianus 	673	714-15	Marcianus 8		https://en.wikipedia.org/wiki/Marcian
2741			Promotus	ܦܪܘܡܘܛܘܣ ܩܘܡܝܣ		667	316	M	669	281	A count interested in theological issues	669	281	late 5th century		0450	0500				673	926								
2470			Paul	ܦܘܠܐ ܐܦܣܩܘܦܐ ܕܐܦܣ̈ܝܐ		670	311	M	668	181	Bishop of Ephesus who rejected the Council of Chalcedonian impiety	668	181	late 5th century		0450	0500				674	775-77			Paulos 	1692	775-77	Paulos 17		https://en.wikipedia.org/wiki/Metropolis_of_Ephesus
2443			Constantine	ܩܘܣܛܢܛܝܢܐ ܐܦܝܣܩܘܦܐ ܕܠܕܝܩܝܐ		671	156	M	671	156-168	Bishop of Laodicea in Syria and an associate of Severus of Antioch	668	151-3, 159-62, 192; PO 156-168	first 1/4 6th century		0500	0525				670	156-168								
2601		2516	Anatolius	ܐܢܛܠܝܘܣ ܡܫܡܫܢܐ		670	194	M	670	194	A deacon mentioned in a letter from Severus of Antioch to Oecumenius	670	194	first 1/4 6th century		0500	0525				670	194								
2732		2409	Peter	ܦܛܪܘܣ ܩܫܝܫܐ		670	194	M	670	194	A presbyter and correspondent of Severus of Antioch	670	194	first 1/4 6th century		0500	0525				670	194								
2755			Simus	ܣܝܡܘܣ ܐܣܩܪܢܪܐ		670	194	M	670	194	A scriniarius and a correspondent of Severus of Antioch	670	194-195; 274, 276	first 1/4 6th century		0500	0525				670	194-195			Simus	673	1016	Simus		
2585			Eusebius the Scholastic	ܐܘܣܒ ܣܟܘܠܣܬܝܩܐ		670	195	M	670	195	Author of a letter against Severus of Antioch	670	195	first 1/4 6th century		0500	0525				670	195			Eusebius 	673	432	Eusebius 24		
2702			Maron	ܡܪܘܢ ܩܪܘܝܐ 		670	198	M	670	196	A reader and correspondent of Severus of Antioch	670	196-200	first 1/4 6th century		0500	0525				670	196-200								
2770   		2515	Thomas	ܬܐܘܡܐ ܣܘܢܩܠܐ		670	208	M	670	208	Syncellus of Severus of Antioch	670	208-211	first 1/4 6th century		0500	0525				670	208-211								
2665			Isidore	ܐܝܣܝܕܘܪܐ ܩܘܡܝܣ		671	3	M	670	213	A count and correspondent of Severus of Antioch	670	213-214; 3, 179-180	first 1/4 6th century		0500	0525				670	213-214; 3, 179-180			Isadorus 	673	631	Isadorus 6		
2670			John	ܝܘܚܢܢ ܩܫܝܫܐ ܘܪܝܫ ܕܝܪܐ		670	216	M	670	216	A presbyter, archimandrite, and stylite as well as a correspondent of Severus of Antioch	670	216-218	first 1/4 6th century		0500	0525				670	216-218								
2689			Jonathan	ܝܘܢܬܢ ܩܫܝܫܐ ܘܪܝܫ ܕܝܪܐ		670	216	M	670	216	A presbyter, archimandrite, and stylite who corresponded with Severus of Antioch	670	216-218	first 1/4 6th century		0500	0525				670	216-218								
2709			Samuel	ܫܡܘܐܝܠ ܩܫܝܫܐ ܘܪܝܫ ܕܝܪܐ		670	216	M	670	216	A presbyter, archimandrite, and stylite who corresponded with Severus of Antioch	670	216-218	first 1/4 6th century		0500	0525				670	216-218								
2671			John	ܝܘܚܢܢ ܪܗܘܡܝܐ		670	218	M	670	218	A Roman soldier and a correspondent of Severus of Antioch	670	218-222	first 1/4 6th century		0500	0525				670	218-222								
2444			Dorotheus	ܕܘܪܘܬܐܘܣ		666	173	M	670	236	Bishop of Marcianupolis who presented a petition to Marcian to recall Nestorius from exile	670	236	5th century		0400	0500				670	236 								
2672			John of Scythopolis					M	670	264	A scholastic and theological opponent of Severus of Antioch	670	264	first 1/4 6th century		0500	0525				670	264			Ioannes 	673	609	Ioannes 64		https://en.wikipedia.org/wiki/John_of_Scythopolis
2747		2748	Sergius	ܣܪܓܝܣ ܐܣܝܐ ܣܩܦܝܣܛܐ		670	264	M	670	264	A physician and sophist who corresponded with Severus of Antioch.	670	264	first 1/4 6th century		0500	0525				670	264			Sergius 	673	994	Sergius 6		
2724			Neon	ܢܐܘܢ ܩܫܝܫܐ ܐܪܝܫܕܝܪܐ ܕܒܛܐܓܐܝܣ		667	318	M	670	267	The archimandrite of Tagais and a correspondent of Severus of Antioch	670	267-269; 283, 285	first 1/4 6th century		0500	0525				670	267-269; 283, 285								
2673			John	ܝܘܚܢܢ ܩܫܝܫܐ		670	269	M	670	269	A presbyter of Antioch whose death Severus of Antioch mourned	670	269-270, 278	first 1/4 6th century		0500	0525				670	269-270, 278								
2641			Elisha	ܐܠܝܫܥ ܩܫܝܫܐ ܘܪܝܫܕܝܪܐ		670	269	M	670	269	A presbyter and archimandrite who received a letter from Severus	670	269-278	first 1/4 6th century		0500	0525				670	269-78								
2688		2680	John the Grammarian					M	670	272	A promoter of the theology of the Council of Chalcedon and an opponent of Severus of Antioch	670	272-276	first 1/4 6th century		0500	0525				670	272-276			Ioannes 	673	611-12	Ioannes 74		
2663			Isaac	ܐܝܣܚܩ ܣܟܘܠܣܬܝܩܐ		670	291	M	670	291	A scholastic and correspondent of Severus of Antioch	670	291-292	first 1/4 6th century		0500	0525				670	291-292			Isaac 	673	626	Isaac 2		
2625			Charisius	ܟܪܣܝܘܣ ܕܝܪܝܐ		670	292	M	670	292, 293	A monk and recipient of a letter from Severus of Antioch	670	292, 293	first 1/4 6th century		0500	0525				670	292, 293								
2733			Peter	ܦܛܪܘܣ		670	294	M	670	294	A correspondent of Severus of Antioch and possibly a presbyter of Alexandria	670	294. 847	first 1/4 6th century		0500	0525				670	294								
2715			Theodore [here Theodosios]					M	670	294	Bishop of Antinoe and opponent of the Council of Chalcedon	670	294-50	5th century		0400	0500				670	294								
2727			Olympiodorus	ܐܠܡܦܝܕܘܪܘܣ		670	294	M	670	294	A presbyter of Alexandria and a correspondent of Severus of Antioch	670	294, 295	first 1/4 6th century		0500	0525				670	294, 295								
2595			Ammonius	ܐܡܘܢܝܘܣ ܩܫܝܫܐ ܕܐܠܟܣܢܕܪܝܐ		671	127	M	670	294	A presbyter of Alexandria and correspondent of Severus of Antioch	670	294-295; 127-128; 253-256	first 1/4 6th century		0500	0525				670	294-295; 127-128; 253-256								
	961		Acacius					M	670	297	Bishop of Berrhoea and recipient of a letter from Cyril of Alexandria	670	297	early 5th century		0400	0450				670	297								
2763			Stephen the Isaurian	ܐܣܛܦܢܐ ܐܝܣܘܪܝܐ		670	298	M	670	298	An Isaurian monk who received a letter from the presbyters of Alexandria	670	298	first 1/4 6th century		0500	0525				670	298								
2474			Peter the Fuller	ܦܛܪܘܣ ܕܐܢܛܝܘܟܝܐ		670	308	M	670	308	Non-Chalcedonian Bishop of Antioch	668	19, 21	5th century		0400	0500				670	308, 311								https://en.wikipedia.org/wiki/Peter_the_Fuller
2769			Theophanes	ܬܐܘܦܢܝܣ ܣܟܘܠܣܛܝܩܐ		670	136	M	670	308	A scholastic and correspondent of Severus of Antioch	670	308-309	first 1/4 6th century		0500	0525				670	308-309			Theophanes 	673	1108	Theophanes 2		
2776		2777	Urban	ܐܘܪܒܢܘܣ ܓܪܡܛܝܩܘܣ		670	310	M	670	310	A grammarian and a correspondent of Severus of Antioch.	670	310-312	first 1/4 6th century		0500	0525				670	310-312								
2551			Soteric	ܣܘܛܪܝܩܘܣ ܐܦܝܣܩܘܦܐ		666	61	M	668	55	Bishop of Caesarea in Cappadocia	670	313	first 1/4 6th century		0500	0525				670	313								
2658		2429, 849	Hippocrates					M	670	316	A scholastic of Alexandria who received a letter from Severus	670	316-323	first 1/4 6th century		0500	0525				670	316-323			Hippocrates	673	566	Hippocrates		
2609			Asterius	ܐܣܛܪܝܘܣ ܐܦܝܣܩܘܦܐ ܕܢܘܣܐ		670	319	M	670	319	Bishop of Nyssa and brother of Soteric	670	319	first 1/4 6th century		0500	0525				670	319								
2610			Asterius	ܐܣܛܪܝܘܣ		670	321	M	670	321	A prefect who expressed imperial displeasure at anti-Chalcedonian statements	670	321	first 1/4 6th century		0500	0525				670	321			Asterius 	673	172	Asterius 10		
2592			Ammantius	ܐܡܢܛܝܘܣ ܩܒܘܩܠܪܐ		670	325	M	670	325	Chamberlain and recipient of a letter from Severus of Antioch	670	325	first 1/4 6th century		0500	0525				670	325								
2580			Epiphanius	ܐܦܝܦܢܝܘܣ		666	108	M	668	97	Bishop of Tyre who withdrew himself from the authority of Severus of Antioch and the non-Chalcedonian cause	670	325-26	first 1/4 6th century		0500	0525				670	325-26								
2620			Caesaria	ܩܣܪܝܐ ܗܘܦܛܝܣܐ		670	329	F	670	329	A hypatissa and recipient of letters from Severus	670	329-338; 4, 194, 284-290	first 1/4 6th century		0500	0525				670	329-338;			Caesaria 	673	248	Caesaria 2		
2774			Timothy I	ܛܝܡܬܐܘܣ ܐܦܝܣܩܘܦܐ ܕܐܠܟܣܢܕܪܝܐ		670	331	M	670	331	Bishop of Alexandria and participant in the Council of Constantinople	670	331	4th century		0300	0400				670	331								https://en.wikipedia.org/wiki/Pope_Timothy_I_of_Alexandria
2725			Nisthora	ܢܣܬܘܪܐ ܣܒܐ		670	333	M	670	333	A hermit whom the messenger of the Emperor Theodosius II visited in order to ask for prayers for the conception of a male heir	670	333-334	5th century		0400	0500				670	333-334								
2603			Andrew	ܐܢܕܪܐܐ ܩܫܝܫܐ		670	339	M	670	339	A presbyter and recipient of a letter from Severus of Antioch	670	339	first 1/4 6th century		0500	0525				670	339								
2619			Beronician	ܒܪܢܝܩܝܢܐ ܩܫܝܫܐ ܘܪܝܫ ܕܝܪܐ		670	339	M	670	339	A presbyter, archimandrite, and associate of Severus of Antioch	670	339	first 1/4 6th century		0500	0525				670	339								
2674		2677	John	ܝܘܚܢܢ ܪܝܫܕܝܪܐ ܕܒܝܬ ܡܪܝ ܚܢܢܝܐ		670	339	M	670	339	An archimandrite of the monastery of Mar Hananya and a correspondent of Severus of Antioch	670	339-340	first 1/4 6th century		0500	0525				670	339-340								
2661			Innocent	ܐܝܢܩܢܛܝܣ		671	101	M	671	101	The brother of Anastasia	671	101	first 1/4 6th century		0500	0525				671	101								
2639			Dorotheus	ܕܘܪܬܐܘܣ ܩܘܡܝܣ		671	118	M	671	118	A count who received a letter from Severus	671	118, 119	first 1/4 6th century		0500	0525				671	118, 119			Dorotheus 	673	378	Dorotheus 11		
2656			Georgia	ܓܘܪܓܝܐ ܦܛܪܝܩܝܐ		671	121	F	671	121	Daughter of Anastasia and a correspondent of Severus of Antioch	671	121; 455, 457, 458	first 1/4 6th century		0500	0525				671	121; 455, 457, 458			Georgia	673	503	Georgia		
2628			Conon	ܩܘܢܘܢ ܣܠܢܛܝܪܐ		671	124	M	671	124	A silentiary and recipient of a letter from Severus of Antioch	671	124; 362, 439, 442	first 1/4 6th century		0500	0525				671	124; 362, 439, 442								
2681			John	ܝܘܚܢܢ ܒܘܨܪܐ		671	128	M	671	128	A scholastic of Bostra and a correspondent of Severus of Antioch	671	128-131	first 1/4 6th century		0500	0525				671	128-131			Ioannes 	673	609	Ioannes 66		
2746			Scholasticus	ܣܟܘܠܣܬܝܩܣ		671	131	M	671	131	A correspondent of Severus of Antioch.	671	131-132	first 1/4 6th century		0500	0525				671	131-132								
2748		2747	Sergius	ܣܪܓܝܣ ܩܘܡܝܣ ܘܐܪܟܝܛܪܘܣ		671	140	M	671	140	A count and archiatrus who corresponded with Severus of Antioch	671	140-148	first 1/4 6th century		0500	0525				671	140-148			Sergius 	673	995	Sergius 8		
2594			Ammonius	ܐܡܘܢܝܘܣ ܣܟܘܠܝܣܛܝܩܐ ܒܘܨܪܐ		671	154	M	671	154	Scholastic of Bostra and recipient of a letter from Severus of Antioch	671	154-156	first 1/4 6th century		0500	0525				671	154-156			Ammonius 	673	73	Ammonius 10		
2740   			Procla	ܦܪܘܩܠܐ		671	169	F	671	169	A correspondent of Severus of Antioch.	671	169	first 1/4 6th century		0500	0525				671	169								
2605			Archelaus	ܐܪܟܠܐܘܣ ܩܪܘܝܐ		671	170	M	671	170	A reader and recipient of a letter from Severus	671	170-179	first 1/4 6th century		0500	0525				671	170-179								
2560			Epiphanius	ܐܦܝܦܢܝܘܣ ܐܦܝܣܩܘܦܐ		666	75	M	671	181	An Isaurian bishop under the authority of Solon, Bishop of Seleucia	671	181	first 1/4 6th century		0500	0525				671	181								
2561			Symbatius	ܣܡܒܛܝܘܣ		666	75	M	671	181	An Isaurian bishop under the authority of Solon, Bishop of Seleucia in Isauria	671	181	first 1/4 6th century		0500	0525				671	181								
2616			Barnabas	ܒܪܢܒܐ		671	266	M	671	266	Apostle	671	266	1st century		0000	0100				671	266								
2768			Theognostus	ܬܐܘܓܢܘܣܛܐ		671	273	M	671	273	A correspondent of Severus of Antioch	671	273	first 1/4 6th century		0500	0525				671	273								
2645			Eugenia	ܐܘܓܢܝܐ ܡܫܡܫܢܝܬܐ ܐܪܝܫܬ ܕܝܪܐ		671	273	F	671	273	A deaconess and archimandritess who received a letter from Severus	671	273-274	first 1/4 6th century		0500	0525				671	273-274								
2775			Uranius	ܐܘܪܐܢܝܘܣ		671	276	M	671	276	A corresondent of Severus of Antioch	671	276-77	first 1/4 6th century		0500	0525				671	276-77								
2723			Mitraeus	ܡܝܛܪܐܘܣ		671	278	M	671	278	A correspondent of Severus of Antioch	671	278-279	first 1/4 6th century		0500	0525				671	278-279								
2765		2455	Theodore	ܬܐܕܘܪܐ ܩܫܝܫܐ ܘܪܝܫ ܕܝܪܐ		670	248	M	670	248	A presbyter and archimandrite who corresponded with Severus of Antioch.	670	248-259	first 1/4 6th century		0500	0525				671	281-284								
2730  			Paul					M	671	291	A patrician mentioned in a letter from Severus of Antioch	671	291	first 1/4 6th century		0500	0525				671	291								
2716			Vivian					M	671	291	Consul and father of Paul the Patrician	671	291	late 5th-early 6th century		0450	0550				671	291			Fl. Vivianus 	673	1179-80	Fl. Vivianus 2		
2647			Eupraxius	ܐܘܦܪܟܣܝܘܣ ܩܒܘܩܠܪܐ		671	6	M	671	6	A chamberlain and correspondent of Severus of Antioch	671	6	first 1/4 6th century		0500	0525				671	6								
2737			Phocas	ܦܘܩܐ ܩܘܒܘܩܠܪܐ		671	71	M	671	71	A chamberlain and correspondent of Severus of Antioch	671	71-75	first 1/4 6th century		0500	0525				671	71-75								
2597			Anastasia	ܐܢܣܛܣܝܐ ܡܫܡܫܢܝܬܐ		671	75	F	671	75	Deaconess and recipient of a letter from Severus of Antioch	671	75-118	first 1/4 6th century		0500	0525				671	75-118								
2562			Epiphanius	ܐܦܝܦܢܝܘܣ ܐܦܥܣܩܘܦܐ		666	7	M	668	7	Bishop of Magydum who went into exile in Alexandria and later Palestine	668	7, 8	5th century		0400	0500				648	189 and n. 58			Épiphanios	1692	266-67	Épiphanios 4		
2587			Thomas of Damascus	ܬܘܡܐ ܕܕܡܣܩܘܣ		1647	117	M	1648	19	Bishop of Damascus driven from his see after the accession of Justin I	1648	19	first 1/4 6th century		0500	0525				1648	19								
2498			Cyprian	ܩܘܦܪܝܐܢܘܣ		666	237	M	668	212	Bishop of Carthage and martyr 	668	212	3rd century		0200	0300				1673	341								https://en.wikipedia.org/wiki/Cyprian
2499			Apollinaris	ܐܦܘܠܝܢܪܝܘܣ		666	240	M	670	267	Bishop of Laodicea	670	267	4th century		0300	0400				1674	377								https://en.wikipedia.org/wiki/Apollinaris_of_Laodicea
2613			Atticus	ܐܛܝܩܘܣ ܐܦܝܣܩܘܦܐ		667	352	M	669	312	Bishop of Constantinople	669	312	early 5th century		0400	0450				1674	428								https://en.wikipedia.org/wiki/Archbishop_Atticus_of_Constantinople
2486			Arius	ܐܪܝܘܣ		666	220	M	668	197	Presbyter of Alexander whose ideas started the Arian controversy	668	197					0336			1676	80-81								
2520			Dionysius	ܕܝܘܢܘܣܝܘܣ ܐܦܝܣܩܘܦܐ ܕܛܐܪܣܘܣ		666	95	M	668	100	Bishop of Tarsus	668	100	first 1/4 6th century		0500	0525				668	100								
2402			Eustathios	ܐܘܣܛܬܝܘܣ ܩܫܝܫܐ		666	114	M	668	102	A presbyter and correspondent of Severus of Antioch	668	102-03	first 1/4 6th century		0500	0525				668	102								
2400			John	ܝܘܚܢܢ		666	114	M	668	102	A slave recommended to Severus of Antioch for ordination	668	102	first 1/4 6th century		0500	0525				668	102								
2401			Timothy	ܛܝܡܘܬܐܘܣ		666	114	M	668	102	Presbyter, monk at the monastery of Maiuma, and freedman	668	102	mid-5th century		0425	0475				668	102								
2404			Eusebius	ܐܘܣܒܝܘܣ ܡܫܡܫܢܐ ܕܒܐܦܡܝܐ		666	115	M	668	103	Deacon of Apamea	668	103	first 1/4 6th century		0500	0525				668	103								
2403			Genesius	ܓܝܢܣܝܘܣ		666	115	M	668	103	Associate of Severus of Antioch	668	103	first 1/4 6th century		0500	0525				668	103								
2405			Libanius	ܠܝܒܐܢܝܘܣ		666	115	M	668	103	Presbyter of Apamea who wanted to collect interest from a loan to his fellow clergy	668	103	first 1/4 6th century		0500	0525				668	103								
2406			Ignatius	ܐܝܓܢܛܝܘܣ		666	120	M	668	107	A presbyter whom Severus of Antioch asked to settle a dispute in the village of Thelhadin	668	107	first 1/4 6th century		0500	0525				668	107								
2410			Julian	ܝܘܠܝܢܐ ܩܫܝܫܐ 		666	126	M	668	113	A presbyter accussed of taking property belonging to the church of Tarsus	668	113	first 1/4 6th century		0500	0525				668	113								
2411			Heliodorus	ܗܠܝܘܕܘܪܘܣ		666	128	M	668	114	Curator of Hypatius	668	114	first 1/4 6th century		0500	0525				668	114								
2412			Serenus	ܣܝܪܝܢܘܣ ܐܦܝܣܩܘܦܐ ܕܡܡܝܢܬܐ ܐܘܓܘܣܛܐ		666	128	M	668	114	Bishop of Augusta and brother of Julian the presbyter	668	114	first 1/4 6th century		0500	0525				668	114								
2413			Maximus	ܡܐܟܣܝܡܘܣ ܩܫܝܫܐ		666	130	M	668	116	A presbyter who sought restoration to his office from Severus of Antioch following his repentence for the sin of fornication	668	116	first 1/4 6th century		0500	0525				668	116								
2415			Elijah of Jerusalem	ܐܠܝܐ ܕܐܘܪܫܠܡ		1647	12	M	668	119	Bishop of Jerusalem	669	476	late 5th-early 6th century		0450	0550				668	119								https://en.wikipedia.org/wiki/Elias_of_Jerusalem
2414			Philip	ܦܝܠܝܦܘܣ ܢܝܪܝܐ ܗܘ ܕܡܢ ܐܝܣܘܪܝܐ		666	132	M	668	119	A monk from Isauria who was ordained deacon by Severus of Antioch	668	119	first 1/4 6th century		0500	0525				668	119								
2417			Solon	ܣܘܠܘܢ ܐܦܝܣܩܘܦܐ ܘܡܝܛܪܘܦܘܠܝܛܝܣ ܕܣܠܘܩܝܐ ܕܐܝܣܘܪܝܐ		666	17	M	668	12	Bishop of Seleucia in Isauria	668	12	first 1/4 6th century		0500	0525				668	12								
2416			Thecla	ܬܘܠܐ		666	13	F	668	12	The first female martyr	668	12	1st century		0000	0100				668	12								https://en.wikipedia.org/wiki/Thecla
2418			Nonnus	ܢܘܢܘܣ		666	134	M	668	120-122	A monk of the monastery of Simeon who was summoned several times to answer various charges and accusations brought against him	668	120-122	first 1/4 6th century		0500	0525				668	120-122								
2419			Eusebius	ܐܘܣܒܝܘܣ ܡܫܡܫܢܐ		666	137	M	668	123	Deacon mentioned in a letter of Severus of Antioch	668	123	first 1/4 6th century		0500	0525				668	123								
2420			Eutychian	ܐܘܛܘܟܝܢܘܣ ܪܝܫܐ ܕܐܦܡܝܐ		666	137	M	668	123	Governor of Apamea whom Severus of Antioch accused of taking part in ceremonies conducted by a deposed bishop	668	123	first 1/4 6th century		0500	0525				668	123			F. Ioannes Palladius Eutychianus 	673	446	F. Ioannes Palladius Eutychianus 4		
2421			Conon	ܩܘܢܘܢ ܪܕܦ ܠܣ̈ܛܝܐ		666	139	M	668	125-126	A brigand-chaser (lystodioktes) who supported the non-Chalcedonians	668	125-126	first 1/4 6th century		0500	0525				668	125-126								
2424			John	ܝܘܚܢܢ		666	143	M	668	129	A count	668	129	first 1/4 6th century		0500	0525				668	126			Ioannes 	673	607	Ioannes 59		
2422			Stephen	 ܣܛܦܢܘܣ ܡܫܡܫܢܐ		666	141-42	M	668	127	Deacon of Antardus and correspondent of Severus of Antioch	668	127	first 1/4 6th century		0500	0525				668	127								
2423			Leontius	ܠܐܘܢܛܝܘܣ		666	142	M	668	127-128	A deacon of Antardus accused of contracting a second marriage after ordination	668	127-128	first 1/4 6th century		0500	0525				668	127-128								
2425			Cassian	ܩܣܝܢܐ ܐܦܝܣܩܘܦܐ ܕܒܘܨܛܪܐ		666	144	M	668	129	Bishop of Bostra	668	129	first 1/4 6th century		0500	0525				668	129								
2426			Agapius	ܐܓܐܦܝܘܣ ܐܦܝܣܩܘܦܐ		666	144	M	668	130	A bishop whose offences came to the attention of Severus of Antioch	668	130	first 1/4 6th century		0500	0525				668	130								
2429		2658, 849	Hippocrates	ܝܦܘܩܪܛܝܣ		666	147	M	668	132	A man described by Severus of Antioch as learned and concerned with salvation and the observance of the orthodox faith	668	132	first 1/4 6th century		0500	0525				668	132								
2427			John	ܝܘܚܢܢ ܩܫܝܫܐ ܘܪܝܫ ܕܝܪܐ		666	147	M	668	132	Presbyter and archimandrite, and recipient of letters from Severus	668	132	first 1/4 6th century		0500	0525				668	132								
2428			John	ܝܘܚܢܢ ܩܫܝܫܐ ܘܪܝܫ ܕܝܪܐ		666	147	M	668	132	Presbyter and archimandrite, and recipient of letters from Severus	669	348, 351-352	first 1/4 6th century		0500	0525				668	132								
2430			Dioscorus II	ܕܝܘܣܩܘܪܘܣ ܪܝܫ ܐܦ̈ܝܣܩܘܦܐ ܕܐܠܟܣܢܕܪܝܐ		667	290	M	668	133	Bishop of Alexandria and correspondent of Severus of Antioch	670	133; 257-259; 315, 317, 323-325	first 1/4 6th century		0500	0525				668	133								https://en.wikipedia.org/wiki/Pope_Dioscorus_II_of_Alexandria
2431			Epimachus	ܗܦܝܡܐܟܘܣ ܩܫܝܫܐ		666	166	M	668	134	A monk and presbyter whose ordination Severus of Antioch opposed because he had been married twice	668	134-7, 150 	first 1/4 6th century		0500	0525				668	134								
2409			Peter	ܦܛܪܘܣ		666	150	M	668	135	Presbyter of Antioch and brother of Severus of Antioch	668	135	late 5th-early 6th century		0450	0550				668	135								
2433			Victor	ܒܝܩܛܘܪ ܩܫܝܫܐ ܘܡܩܒܠ ܐܟ̈ܣܢܝܐ		667	474	M	668	139	Presbyter of Antioch under Severus of Antioch and xenodochus	669	419	first 1/4 6th century		0500	0525				668	139 								
2434			Alypius	ܐܠܦܝܘܣ ܫܒܪܐ ܡܣܟܢܐ		666	158	M	668	143	A boy mentioned in a letter to Severus of Antioch	668	143, 144	first 1/4 6th century		0500	0525				668	143								
2435			Anastasius	ܐܢܐܣܛܐܣܝܘܣ		666	159	M	668	144	Described by Severus of Antioch as "magnificient" (Syr., ܦܐܐ ܒܪܒܘܬܐ; Gk., megaloprepestatos)	668	144	first 1/4 6th century		0500	0525				668	144								
2436			Mitras	ܡܝܛܪܐ		666	158	M	668	144	A man described by Severus of Antioch as a critic of the church	669	329	first 1/4 6th century		0500	0525				668	144								
2437			Philip	ܦܝܠܝܦܘܣ ܩܫܝܫܐ ܘܕܝܪܝܐ		670	326	M	668	145-148	A presbyter, monk, and recipient of a letter from Severus of Antioch who was involved in controversies over reordination and penance	669	145-148; 321	first 1/4 6th century		0500	0525				668	145-148								
2438			John Canopites	ܝܘܚܢܢ ܩܢܘܦܛܝܣ		667	300	M	668	146	A presbyter of Antioch ordained by Peter the Fuller	1649	82	first 1/4 6th century		0500	0525				668	146								
2439			Theodore	ܬܐܘܕܘܪܘܣ ܐܦܝܣܩܘܦܐ ܕܐܘܠܒܝ		667	475	M	668	148	Bishop of Olba in Isauria and correspondent of Severus of Antioch	668	148	first 1/4 6th century		0500	0525				668	148								
2441			Isidore	ܐܣܝܕܘܪܘܣ ܛܪܝܒܘܢܐ		666	166	M	668	150	A tribune mentioned in a letter of Severus of Antioch	668	150	first 1/4 6th century		0500	0525				668	150			Isodoris 	673	631	Isodoris 8		
2442			Stephen	ܣܛܦܢܘܣ		666	166	M	668	150	Bishop of Seleucia in lsauria who opposed local non-Chalcedonians	670	304; SL.II.I, 150	first 1/4 6th century		0500	0525				668	150								
2440			Timothy IV	ܛܝܡܘܬܐܘܣ ܪܝܫ ܐܦ̈ܝܣܩܘܦܐ		666	169	M	668	149	Bishop of Alexandria and a non-Chalcedonian	668	153	first 1/4 6th century		0500	0525				668	153								https://en.wikipedia.org/wiki/Pope_Timothy_III_(IV)_of_Alexandria
2445			Eutherius	ܐܘܬܪܝܘܣ ܕܛܘܐܢܐ		666	173	M	668	156, 157, 158	Bishop of Tyana who sought the return of Nestorius from exile	670	236	5th century		0400	0500				668	156, 157, 158								
2447			Helladius	ܐܠܕܝܘܣ ܕܛܐܪܣܘܣ		666	173	M	668	156, 157, 158	Bishop of Tarsus who sought the return of Nestorius from exile	670	236	5th century		0400	0500				668	156, 157, 158								
2446			Himerius	ܐܡܪܝܘܣ		666	173	M	668	156, 157, 158	Bishop of Nicodemia who sought the return of Nestorius from exile	670	236	5th century		0400	0500				668	156, 157, 158								https://en.wikipedia.org/wiki/Himerius_of_Nicomedia
2448			Eusebius	ܐܘܣܒܝܘܣ ܩܫܝܫܐ		666	174	M	668	157	A presbyter under Cyril of Alexandria	668	157	5th century		0400	0500				668	157								
2449			John I of Antioch	ܝܘܚܢܢ		666	174	M	668	157	Bishop of Antioch	668	157	early 5th century		0400	0450				668	157								
2450			Paul	ܦܘܠܘܣ ܐܦܝܣܩܦܐ ܕܗܝ ܕܚ̈ܡܨܝܐ		666	173	M	668	158	Bishop of Emesa who petitioned Cyril to allow the bishops Dorotheus, Eutherius, Himerius, and Helladius to remain in their sees	668	157, 158	5th century		0400	0500				668	157								
2451			Maximian	ܡܐܟܣܝܡܝܢܘܣ ܐܦܝܣܩܘܦܐ		666	174	M	668	158	Bishop of Constantinople following Nestorius	668	158	5th century		0400	0500				668	158								
2452			Elpidius	ܗܠܦܝܕܝܘܣ ܐܦܝܣܩܘܦܐ		666	176	M	668	159	Bishop of Cestrus who was deprived of his bishopric at one point	668	159	first 1/4 6th century		0500	0525				668	159-61								
2453			Patrick	ܦܛܪܝܩܝܘܣ ܩܫܝܫܐ		666	180	M	668	162	A presbyter and monk	668	162							0519	668	162								
2454			Eustochius	ܐܝܘܣܛܘܟܝܘܣ ܡܫܡܫܢܐ ܕܐܠܟܣܢܕܪܝܐ		666	181	M	668	163	Deacon of Alexandria remembered by Severus of Antioch as a devout and orthodox deacon	668	163	first 1/4 6th century		0500	0525				668	163								
2455		2765	Theodore	ܬܐܘܕܘܪܘܣ ܩܫܝܫܐ ܘܪܝܫ ܕܝܪܐ ܕܕܝܪܗ ܕܪܘܡܢܐ		666	181	M	668	164	Presbyter and archimandrite of the monastery of Romanus	668	164	first 1/4 6th century		0500	0525				668	164								
2459			Callistus	ܩܐܠܝܣܛܘܣ ܪܝܫ ܡܫܡ̈ܫܢܐ		666	34	M	668	17	An archdeacon accussed of buying his priestly order and status	668	17	first 1/4 6th century		0500	0525				668	17								
2458			Hilarian	ܐܝܠܐܪܝܐܢܘܣ ܐܦܝܣܩܘܦܐ ܕܕܝܘܩܐܣܪܝܐ		666	96	M	668	17	Bishop of Diocaesarea in Isauria who brought charges against archdeacon Callistus on the ground that he had bought his priestly order and status	668	17	first 1/4 6th century		0500	0525				668	17								
2460			Musonius	ܡܘܣܢܝܘܣ ܐܦܝܣܩܘܦܐ ܕܡܠܐܐ ܕܐܝܣܘܪܝܐ		670	306	M	668	17	Bishop of Meloe who brought charges against archdeacon Callistus on the ground that he had bought his priestly order and status	668	17	first 1/4 6th century		0500	0525				668	17								
2462			Didymus	ܕܝܕܘܡܘܣ ܐܦܝܣܩܘܦܐ		666	189	M	668	171	Bishop and correspondent of Severus of Antioch	668	171-5, 176, 	first 1/4 6th century		0500	0525				668	171								
2465			Julian	ܝܘܠܝܢܐ ܩܫܝܫܐ ܘܪܝܫ ܕܝܪܐ ܕܕܝܪܗ ܕܒܣܘܣ		666	197	M	668	178	A presbyter and archimandrite of the monastery of Bassus and recipient of a letter from Severus of Antioch	668	178	first 1/4 6th century		0500	0525				668	178								
2466			Andrew	ܐܢܕܪܐܐ ܩܫܝܫܐ ܘܪܝܫ ܕܕܝܪܐ ܕܥܘܡ̈ܪܐ ܕܒܩܪܝܐ		666	198	M	668	179	An archimandrite in Caria and recipient of a letter from Severus	668	179	first 1/4 6th century		0500	0525				668	179								
2407			Marion	ܡܐܪܝܘܢ ܐܦܥܣܩܘܦܐ ܕܫܘܪܐ		666	198	M	668	179	Bishop of Sura	668	179	first 1/4 6th century		0500	0525				668	179								
2467			Photius	ܦܘܛܝܘܣ ܩܫܝܫܐ ܘܪܝܫ ܕܕܝܪܐ ܕܥܘܡ̈ܪܐ ܕܒܩܪܝܐ		666	198	M	668	179	An archimandrite in Caria and recipient of a letter from Severus of Antioch	668	179	first 1/4 6th century		0500	0525				668	179								
2751			Sergius I	ܣܪܓܝܣ ܐܦܝܣܩܘܦܐ ܕܩܘܪܘܣ		666	198	M	668	108:	Bishop of Cyrrhus	668	179	first 1/4 6th century		0500	0525				668	179								
2471			Proterius	ܦܪܘܛܗܪܝܘܣ		666	201	M	668	181	Bishop of Alexandria elected by the Council of Chalcedon to replace Dioscorus	668	181	5th century		0400	0500				668	181								https://en.wikipedia.org/wiki/Proterius_of_Alexandria
2472			Theodotus	ܬܐܘܕܘܛܘܣ		666	207	M	668	185	Bishop of Joppa in Palestine, called the "Re-anointer" by Severus of Antioch because he unlawfully re-anointed converts from Nestorianism	668	185	5th century		0400	0500				668	185								
2477			John	ܝܘܚܢܢ		666	213	M	668	191	A monk accussed of wrongdoing in a letter to Severus of Antioch	668	191-93	first 1/4 6th century		0500	0525				668	191								
2475			Joseph	ܝܘܣܦ		666	213	M	668	191	A monk accused by Severus of Antioch of making non-canonical accusations	668	191	first 1/4 6th century		0500	0525				668	191								
2476		2153	Zacharias	ܙܟܪܝܐ		666	213	M	668	191	A monk	668	191	first 1/4 6th century		0500	0525				668	191								
2478			Heracliana	ܗܝܪܩܠܝܐܢܝ ܫܡܫܬܐ ܘܪܝܫܬ ܕܝܪܐ		666	214	F	668	192	Deaconess and archimandritess who received a letter from Severus of Antioch	671	192; 280	first 1/4 6th century		0500	0525				668	192								
2479			Victor	ܒܝܩܛܘܪ ܐܦܝܣܩܦܐ ܐܦܝܠܐܕܠܦܝܐ		667	426	M	668	192	Bishop of Philadelphia in Isauria and a correspondent of Severus of Antioch	669	378-379	first 1/4 6th century		0500	0525				668	192								
2480			Andrew	ܐܢܕܪܐܐ ܩܪܘܝܐ		666	217	M	668	195	A reader and notary who received letter from Severus of Antioch	669	195; 270, 271, 413-17	first 1/4 6th century		0500	0525				668	195								
2481			Anatolius	ܐܢܐܛܘܠܝܘܣ		666	218	M	668	196	A deacon who married a second time after his ordination	668	196	first 1/4 6th century		0500	0525				668	196								
2482			Podalirius	ܦܘܕܘܠܘܪܝܘܣ		666	219	M	668	196	A cleric anathematized by Severus of Antioch	668	196	first 1/4 6th century		0500	0525				668	196								
2483			Sergius Bar Fathya	ܣܪܓܝܣ ܒܪ ܦܬܝܐ		666	218	M	668	196	A deacon whom Severus of Antioch anathemizes for sleeping with his father’s wife or concubine	668	196	first 1/4 6th century		0500	0525				668	196								
2484			Alexander	ܐܠܟܣܢܕܪܘܣ ܐܦܝܣܩܘܦܐ ܕܩܘܣܛܢܛܝܢܘܦܘܠܝܣ		666	220	M	668	197	Bishop of Constantinople who opposed Arius	668	197	early 4th century		0300	0350				668	197								
2485			Alexander of Alexandria	ܐܠܟܣܢܕܪܘܣ ܪܝܫ ܐܦ̈ܝܣܩܘܦܐ		666	219	M	668	197	Bishop of Alexandria who took part in the council of Nicaea	668	197	4th century		0300	0400				668	197								
2487			Julian	ܝܘܠܝܢܐ ܩܘܠܒܘܩܠܪܐ		666	221	M	668	199	A chamberlain who copied a letter of Severus of Antioch	668	199	first 1/4 6th century		0500	0525				668	199								
2489			Zenobius	ܙܝܢܘܒܝܘܣ ܟܢܦܐ ܩܫܝܫܐ		666	227	M	668	204	A deacon who delivered a letter from the presbyters John and John to Severus.of Antioch	668	204	first 1/4 6th century		0500	0525				668	204								
2490			Bosporius	ܒܘܣܦܘܪܝܘܣ		666	228	M	668	205	The bishop of Colonia and a man of great virtue whose corpse performed miracles	668	205, 206	4th century		0300	0400				668	205								
2491			Helladius	ܐܠܐܕܝܘܣ		666	229	M	668	205	Bishop of Caesarea in Cappadocia who had a dispute with Theodore Bishop of Tyana	668	205, 206	4th century		0300	0400				668	205								https://en.wikipedia.org/wiki/Helladius_of_Caesarea
2492			Theodore	ܬܐܘܕܘܪܘܣ		666	228	M	668	205	Bishop of Tyana and rival of Helladius, Bishop of Caesaria	668	205, 206	4th century		0300	0400				668	205								
2495			Gregory	ܓܪܝܓܘܪܝܘܣ		666	232	M	668	208	Claimed to be a bishop and performed illegal ordinations until he was convicted	668	208	first 1/4 6th century		0500	0525				668	208								
2496			Isaiah	ܐܫܥܝܐ		666	232	M	668	208	Claimed to be bishop of Emesa and ordained priests without the authority of the church until he was convicted	668	208	first 1/4 6th century		0500	0525				668	208								
2497			Eustace	ܐܘܣܛܬܝܘܣ		666	23	M	668	21	A cleric accused of wrongdoing by Hilarion and Musonius	668	21	first 1/4 6th century		0500	0525				668	21								
2500			Leontius	ܠܐܘܢܛܝܘܣ ܚܣܝܐ ܘܣܒܐ ܝܚܝܕܝܐ		666	242	M	668	216	A saintly old hermit whom Isaiah claimed as the source of his ordination	668	216	first 1/4 6th century		0500	0525				668	216								
2504			Eusebius	ܐܘܣܒܝܘܣ ܩܘܡܝܣ		666	248	M	668	221	A count in Alexandria who gave away all of his property to the poor	668	221-222	late 5th century		0450	0500				668	221-222			Eusebius 	673	432	Eusebius 24		
2503			Stephen	ܣܛܦܢܘܣ ܩܫܝܫܐ		667	384	M	668	22	A presbyter of Antioch under Severus of Antioch	669	22; 340-341	first 1/4 6th century		0500	0525				669	22; 340-341								
2510			Hesychius	ܗܣܘܟܝܘܣ		666	27	M	668	25	Presbyter of Antioch	668	25	first 1/4 6th century		0500	0525				668	25								
2511			Longinus	ܠܘܢܓܝܢܘܣ ܩܫܝܫܐ		666	28	M	668	25	A presbyter under Severus of Antioch	668	25	first 1/4 6th century		0500	0525				668	25								
2512			Bisula	ܒܝܣܘܠܐ		666	88	M	668	26	Bishop of Germanicupolis	668	26	late 5th-early 6th century		0450	0550				668	26								
2468			Paul	ܦܘܠܘܣ ܐܦܝܣܩܘܦܐ ܕܐܘܠܒܐ		666	96	M	668	18	Bishop of Olba in Isauria who, according to Severus of Antioch, abandoned his flock by leaving his see and was eventually deprived	668	27	first 1/4 6th century		0500	0525				668	27								
2513			Constantine	ܩܘܣܛܢܛܝܢܘܣ ܡܝܛܪܘܦܘܠܝܛܝܣ		666	22	M	668	3	Bishop of Seleusia and recipient of a letter from Severus of Antioch	668	3, 19	first 1/4 6th century		0500	0525				668	3								
2514			Peter	ܦܛܪܘܣ ܐܦܝܣܩܘܦܐ ܕܐܦܡܝܐ		666	37	M	668	34	Bishop of Apamea and correspondent of Severus of Antioch	668	34-8, 49, 71, 72, 124	first 1/4 6th century		0500	0525				668	34								
2515		2770	Thomas	ܬܐܘܡܐ ܩܫܝܫܐ		666	166	M	668	34	A presbyter of Antioch and recipient of a letter from Peter, Bishop of Apamea.	668	34	first 1/4 6th century		0500	0525				668	34								
2518			Julian	ܝܘܠܝܢܘܣ ܐܦܝܣܩܘܦܐ ܕܗܝ ܕܚ̈ܡܨܝܐ		666	38	M	668	34-35	Bishop of Emesa	668	34-35	first 1/4 6th century		0500	0525				668	34-35								
2408			Sergius II					M	668	341	Bishop of Cyrrhus who asserted that Nestorius' theology was consistent with the Council of Chalcedon	668	341	first 1/4 6th century		0500	0525				668	341								
2516		2601	Anatolius	ܐܢܐܛܘܠܝܘܣ ܡܫܡܫܢܐ		666	38	M	668	35	A former resident of Tarsus ordained deacon of Antioch by Severus	668	35	first 1/4 6th century		0500	0525				668	35								
2517			Irenaeus	ܐܝܪܝܢܐܘܣ ܡܫܡܫܢܐ		666	38	M	668	35	A former resident of Emesa ordained deacon of Antioch by Severus	668	35	first 1/4 6th century		0500	0525				668	35								
2519			Leontius	ܠܐܘܢܛܝܘܣ		666	39	M	668	35	Subject of a dispute over place of ordination between Severus of Antioch and Peter of Apamea	668	35-38	first 1/4 6th century		0500	0525				668	35-38								
2525			John	ܝܘܚܢܢ ܣܟܘܠܣܛܝܩܐ		666	40	M	668	37	Scholastic of Antioch whom Severus expresses an interest in ordaining as presbyter	668	37	first 1/4 6th century		0500	0525				668	37			Iohannes 	673	608	Iohannes 61		
2521			Matronian	ܡܐܛܪܘܢܝܐܢܘܣ		666	40	M	668	37	Vir illustris and father of John the Scholastic	668	37	late 5th century		0450	0500				668	37			Matronianus 	673	735-36	Matronianus 1		
2522			Maximin	ܡܐܟܣܝܡܝܢܘܣ ܣܟܘܠܣܛܝܩܐ		666	41	M	668	37	Scholastic whom Severus expresses an interest in ordaining as presbyter	668	37	first 1/4 6th century		0500	0525				668	37			Maximinus 	673	743-44	Maximinus 14		
2523			Peter	ܦܛܪܘܣ ܣܟܘܠܣܛܝܩܐ		666	41	M	668	37	Scholastic whom Severus expresses an interest in ordaining as presbyter	668	37	first 1/4 6th century		0500	0525				668	37			Petrus 	673	869	Petrus 26		
2524			Sergius	ܣܪܓܝܣ ܣܟܘܠܣܛܝܩܐ		666	41	M	668	37	Scholastic whom Severus expresses an interest in ordaining as presbyter	668	37	first 1/4 6th century		0500	0525				668	37			Sergius 	673	994	Sergius 5		
2526			Nicias	ܢܝܩܝܐ ܐܦܝܣܩܘܦܐ		666	42	M	668	38-39	Bishop ordered by Severus of Antioch to depose clergy ordained by followers of Nestorius	668	38-39	first 1/4 6th century		0500	0525				668	38-39								
2527			Castor	ܩܐܣܛܘܪ ܐܦܝܣܩܘܦܐ ܕܦܪܓܐ		666	43	M	668	39	Bishop of Perge	668	39	first 1/4 6th century		0500	0525				668	39								
2528			Asterius	ܐܣܛܪܝܘܣ ܐܦܝܣܩܘܦܐ		666	3 	M	668	4	Bishop of Calenderis	669	466	first 1/4 6th century		0500	0525				668	4								
2529			John of Claudiupolis	ܝܘܚܢܢ ܕܩܠܘܕܝܘܦܘܠܝܣ		666	4 	M	668	4	Bishop of Claudiupolis who attempted to persuade Severus to accept Chalcedon as a condemnation of Nestorius	668	4-11	first 1/4 6th century		0500	0525				668	4-11								
2531			Timostratus	ܛܝܡܘܣܛܪܐܛܘܣ ܕܘܟܣ		666	45	M	668	41	Duke and correspondent of Severus of Antioch	668	41-44	first 1/4 6th century		0500	0525				668	41-44			Timostratus	673	1119-20	Timostratus		
2532			Stephen	ܣܛܦܢܘܣ ܐܦܝܣܩܘܦܐ ܕܛܪܝܦܘܠܝܣ		666	48	M	668	44	Bishop of Tripolis and recipient of a letter from Severus of Antioch	668	44-46	first 1/4 6th century		0500	0525				668	44-46								
2533			Stephen	ܣܛܦܢܘܣ ܩܫܝܫܐ		666	49	M	668	44	A presbyter of Tripolis	668	44-46	first 1/4 6th century		0500	0525				668	44-46								
2534			Severus	ܣܐܘܪܐ ܩܫܝܫܐ		666	50	M	668	45	A presbyter of Tripolis	669	471	first 1/4 6th century		0500	0525				668	45								
2535			Theodore	ܬܐܘܕܘܪܘܣ ܪܝܫܢܐ ܢܨܝܚܐ ܘܒܝܢܕܝܟܣ		666	50	M	668	46	Governor of Phoenice and later Vindex of Tripoli	673	1095-96	first 1/4 6th century		0500	0525				668	46			Theodorus 	673	1095-96	Theodorus 56		
2536			Eucharius	ܐܘܟܐܪܝܘܣ ܐܦܝܣܩܘܦܐ		666	51	M	668	46	Bishop of Paltus and recipient of a letter from Severus	668	46, 47	first 1/4 6th century		0500	0525				668	46, 47								
2537			Firminus	ܦܪܝܡܝܢܘܣ		666	51	M	668	46	Cleric of Paltus accused of misdeeds in a case overseen by Severus of Antioch	668	46, 47	first 1/4 6th century		0500	0525				668	46, 47								
2539			Cosmas	ܩܘܣܡܐ		666	52	M	668	47	Bishop of Apamea ordained by Severus of Antioch who eventually stepped down	668	47-51	first 1/4 6th century		0500	0525				668	47-51								
2540			Theodore	ܬܐܘܕܘܪܘܣ		666	53	M	668	48	Archimandrite of monastery of Theodore	668	48	first 1/4 6th century		0500	0525				668	48								
2541			Elijah	ܐܠܝܐ		666	55	M	668	50	A deacon and monk	668	50	first 1/4 6th century		0500	0525				668	50								
2544			Cosmas	ܩܘܣܡܐ ܩܫܝܫܐ		666	57	M	668	52	A presbyter of Chalcis in Syria who received a letter from Severus	668	52	first 1/4 6th century		0500	0525				668	52								
2542			Polyeuctus	ܦܘܠܘܐܝܘܩܛܘܣ		666	57	M	668	52	Presbyter of Chalcis in Syria who received a letter from Severus of Antioch	668	52	first 1/4 6th century		0500	0525				668	52								
2543			Zeno	ܙܝܢܘܢ		666	57	M	668	52	A presbyter of Chalcis in Syria who received a letter from Severus of Antioch	668	52	first 1/4 6th century		0500	0525				668	52								
2545			Isidore	ܐܝܣܝܕܘܪܘܣ ܐܦܝܣܩܘܦܐ ܕܩ̈ܢܫܪܝܐ		666	66	M	668	52	The bishop of Chalcis in Syria	669	52, 53, 59, 138-39, 150-51; 326	first 1/4 6th century		0500	0525				669	52, 53, 59, 138-39, 150-51; 326								
2546			Entrechius	ܐܢܛܪܟܝܘܣ ܐܦܝܣܩܘܦܐ ܓܐܢܙܪܒܐ		666	59	M	668	53	Bishop of Anazarba who received several letters from Severus.	668	53-54	first 1/4 6th century		0500	0525				668	53-54								
2548			Theodosius	ܬܐܘܕܘܣܝܘܣ ܩܫܝܫܐ		666	60	M	668	54	A presbyter of Antioch who Severus of Antioch sent to investigate accusations against the bishop Procopius	668	54	first 1/4 6th century		0500	0525				668	54								
2547			Procopius	ܦܪܘܩܘܦܝܘܣ ܐܦܝܣܩܘܦܐ		666	60	M	668	55	Bishop of Flavius whose clergy accussed him of receiving gifts when performing ordinations	668	55-56	first 1/4 6th century		0500	0525				668	55-56								
2552			Antiochus	ܐܢܛܝܘܟܘܣ ܛܪܝܒܘܢܐ		666	63	M	668	57	A tribune who was sent with messages to Severus of Antioch from Antoninus, the bishop of Berrhoea	668	57	first 1/4 6th century		0500	0525				668	57			Antiochus 	673	106	Antiochus 18		
2553			Antoninus	ܐܢܬܘܢܝܘܣ ܐܦܝܣܩܘܦܐ ܕܚܠܒ		666	63	M	668	57	The bishop of Berrhoea and recipient of letters from Severus of Antioch	668	57-63, 151-53, 159-62	first 1/4 6th century		0500	0525				668	57-63, 151-53, 159-62								
2554			Simeon	ܫܡܥܘܢ ܐܦܝܣܩܘܦܐ ܕܩܢܫܪܝܢ		666	117	M	668	58	Bishop of Chalcis in Syria	668	104-106	first 1/4 6th century		0500	0525				668	58, 104-106								
2556			Hypatius	ܗܘܦܛܝܘܣ ܣܛܪܛܝܠܐܛܝܣ		666	126	M	668	60	Magister militum per Orientis and uncle of Antoninus, bishop of Berrhoea	668	60, 113-5, 125	first 1/4 6th century		0500	0525				668	60, 113-5, 125			Fl. Hypatius 	673	577-81	Fl. Hypatius 6		
2557			Mark	ܡܪܩܘܣ		666	68	M	668	62	A cleric from Berrhoea and associate of Severus of Antioch	668	62	first 1/4 6th century		0500	0525				668	62								
2558			Misael	ܡܝܘܐܝܠ ܩܘܒܘܩܠܪܐ		666	70	M	668	63	A chamberlain and then deacon who received several letters from Severus of Antioch	669	63, 66, 195-96, 199; 236-37, 243-44, 246, 459-61	first 1/4 6th century		0500	0525				669	63, 66, 195-96, 199; 236-37, 243-44, 246, 459-61			Misael	673	763-64	Misael		
2559			Eleutherius	ܐܠܝܘܬܪܝܘܣ ܣܩܠܪܐ		666	72	M	668	65	A sacellarius and correspondent of Severus of Antioch	668	65, 66	first 1/4 6th century		0500	0525				668	65, 66								
2563			Rufinus	ܪܘܦܝܢܘܣ		666	81	M	668	73	A magistrian who delivered a letter from Master of the Offices to Severus of Antioch 	668	73	first 1/4 6th century		0500	0525				668	73			Rufinus 	673	954	Rufinus 12		
2564			Celer	ܩܐܠܪܣ ܡܓܝܣܛܪܘܣ		1647	6	M	668	73	Master of the Offices and recipient of a letter from Severus of Antioch	668	73, 75	first 1/4 6th century		0500	0525				668	73, 75								
2565			Leontius	ܠܐܘܢܛܝܘܣ		666	81	M	668	73	Agens in rebus during the reign of Severus of Antioch	668	73, 84	first 1/4 6th century		0500	0525				668	73, 84			Leontius qui et Tapitoleon 	673	673	Leontius qui et Tapitoleon 24		
2566			Stephen the deacon	ܣܛܦܢܘܣ ܡܫܡܫܢܐ		666	84	M	668	76	A deacon summoned by Severus of Antioch	668	76	first 1/4 6th century		0500	0525				668	76								
2567			Eleusinius	ܐܠܘܣܝܢܝܘܣ		666	93	M	668	83	Bishop of Sasima	669	467	first 1/4 6th century		0500	0525				668	83								
2569			Proclus	ܦܪܘܩܠܘܣ		666	93	M	668	83	Bishop of Colonia	669	471	first 1/4 6th century		0500	0525				668	83								
2568			Theotecnus	ܬܐܘܛܩܢܘܣ ܐܪܟܝܐܛܪܘܣ		666	92	M	668	83	Presbyter and chief physician in Tarsus	669	286	first 1/4 6th century		0500	0525				668	83			Theotecnus 	673	1111	Theotecnus 1		
2570			Alexander	ܐܠܟܣܢܕܪܘܣ ܒܝܢܕܝܩܐܣ ܕܐܢܐܙܝܒܐ		666	97	M	668	87	Vindex of Anazarba	668	87	first 1/4 6th century		0500	0525				668	87			Alexander 	673	57	Alexander 16		
2571			Musonius	ܡܘܣܘܢܝܘܣ ܒܝܢܕܝܩܐܣ ܕܐܢܐܙܝܒܐ		666	97	M	668	87	Vindex of Anazarba and correspondent of Severus of Antioch.	668	87	first 1/4 6th century		0500	0525				668	87			Musonius 	673	769	Musonius 3		
2573			Martyrius	ܡܐܪܛܘܪܝܘܣ ܦܘܐܛܐ		666	99	M	668	89-89	A cleric of Anazarba whose poetry Severus of Antioch denounced as immoral	668	89-89	first 1/4 6th century		0500	0525				668	88-89								
2574			Philoxenus	ܦܝܠܘܟܣܝܢܘܣ ܐܦܝܣܩܘܦܐ ܕܕܠܝܟ		666	100	M	668	89	Bishop of Doliche	668	89	first 1/4 6th century		0500	0525				668	89								
2575			Romulus	ܪܘܡܝܠܘܣ		666	101	M	668	89	Subject of a letter of Severus of Antioch seeking permission from the bishop of Doliche that he might be able to conduct prayers in Antioch	668	89	first 1/4 6th century		0500	0525				668	89								
2576			Antipater	ܐܢܬܝܦܛܪܘܣ		666	101	M	668	90	Involved in a dispute with the monk Isaac that came before Severus of Antioch	668	90	first 1/4 6th century		0500	0525				668	90								
2577			Stephen	ܣܛܦܢܘܣ		666	101	M	668	91	Bishop of Anasartha who was ordained by Severus of Antioch	668	91	first 1/4 6th century		0500	0525				668	91								
2578			Isaac	ܐܝܣܚܩ		666	105	M	668	93	Bishop of Apamea whose untimely death was lamented by Severus of Antioch	668	93-94	first 1/4 6th century		0500	0525				668	94								
2579			Basil	ܒܣܝܠܝܘܣ		666	109	M	668	97	A deacon charged with ensuring proper execution of a ruling of Severus of Antioch.	668	97-98	first 1/4 6th century		0500	0525				668	97								
2586			Thomas	ܬܐܘܡܐ		666	109	M	668	97	A deacon charged with ensuring proper execution of a ruling of Severus of Antioch	668	97-98	first 1/4 6th century		0500	0525				668	97								
2581			John of Alexandria Minor	ܝܘܚܢܢ ܐܦܝܣܩܘܦܐ ܕܐܠܟܣܢܕܪܝܐ ܙܥܘܪܬܐ		666	110	M	668	98	Bishop of Alexandria Minor and recipient of a letter from Severus of Antioch	668	98	first 1/4 6th century		0500	0525				668	98								
2600			Anastasius	ܐܢܣܛܐܣܝܣ ܩܘܡܝܣ		667	261	M	669	231	A count and correspondent of Severus of Antioch.	669	231, 232	first 1/4 6th century		0500	0525				669	231								
2749			Sergius	ܣܪܓܝܣ		667	261	M	669	231	An endoxatatos and the father of Count Anastasius	669	231	late 5th-early 6th century		0450	0550				669	231			Sergius 	673	994	Sergius 2		
2683			John	ܝܘܚܢܢ		667	263	M	669	233	The son of Ammian who requested that Severus of Antioch choose his name	669	233	first 1/4 6th century		0500	0525				669	233								
2593			Ammian	ܐܡܝܐܢܘܣ		667	278	M	669	233	Recipient of a letter from Severus of Antioch	669	233-36, 246	first 1/4 6th century		0500	0525				669	233-36, 246								
2642			Epagathus	ܗܦܐܓܐܬܘܣ		667	262	M	669	233	A correspondent of Severus of Antioch who requested a box filled with communion elements	669	233-36, 246	first 1/4 6th century		0500	0525				669	233-36, 246								
2721			Zʿura	ܐܒܐ ܙܥܘܪܐ	ܙܥܘܪܐ	667	264	M	669	234	A monk entioned in a letter of Severus of Antioch regarding the baptism of a boy	669	234	first 1/4 6th century		0500	0525				669	234								
2621			Caesaria	ܩܣܪܝܐ ܦܛܪܝܩܝܐ		667	277	F	669	244	A patrician and recipient of a letter from Severus	669	244-46, 248-49, 272, 275, 448	first 1/4 6th century		0500	0525				669	244-46, 248-49, 272, 275, 448			Caesaria 	673	248	Caesaria 3		
2714			Theodosius	ܬܐܘܕܘܣܝܘܣ ܐܦܝܣܩܘܦܐ		667	284	M	669	251	Bishop and recipient of a letter from Isidore of Pelusium	669	251	early 5th century		0400	0450				669	251								
2648			Eusebius	ܐܘܣܒܝܘܣ		667	284	M	669	251	Bishop of Pelusium criticized by Severus of Antioch for failing to comprehend the spiritual nature of the church	669	251, 252	first 1/4 6th century		0500	0525				669	251, 252								
2773			Timothy	ܛܝܡܬܐܘܣ		670	321	M	670	321	Bishop of Constantinople and a non-Chalcedonian	670	321	first 1/4 6th century		0500	0525				669	254-255								https://en.wikipedia.org/wiki/Timothy_I_of_Constantinople
2624			Chaeremon	ܟܐܪܝܡܘܢ		667	288	M	669	255	A cleric described by Severus of Antioch as being a hireling and huckster of piety	669	255, 256	late 5th century		0450	0500				669	255, 256								
2636			Dioscorus	ܕܝܘܣܩܘܪܘܣ		667	288	M	669	255	A cleric described by Severus of Antioch as being a hireling and huckster of piety	669	255, 256	5th century		0400	0500				669	255, 256								
2778			Urbicius	ܐܘܪܒܝܩܝܘܣ ܕܝܪܝܐ		667	293	M	669	259	A monk who received a letter from Basil of Caesarea urging him to refrain from taking communion with heretics	669	259	4th century		0300	0400				669	259								
2691			Julian	ܝܘܠܝܢܘܣ		667	295	M	669	261	A monk of the monastery of Cyrus whose sin committed unknowingly was forgiven by Severus of Antioch	669	261, 262	first 1/4 6th century		0500	0525				669	261, 262								
2629			Cosmas	ܩܘܣܡܐ ܪܝܫܕܝܪܐ ܕܕܝܪܗ ܕܩܘܪܘܣ		667	295	M	669	261	An archimandrite of the monastery of Cyrus who received a letter from Severus of Antioch	669	261-263	first 1/4 6th century		0500	0525				669	261-263								
2720			Zosimus	ܙܘܣܝܡܘܣ		667	305	M	669	272	Bishop whose death Severus of Antioch mentions in a letter	669	272	first 1/4 6th century		0500	0525				669	272								
2684			John	ܝܘܚܢܢ ܛܪܝܒܘܢܐ		667	309	M	669	275	A tribune and a correspondent of Severus of Antioch.	669	275-7, 280-2	first 1/4 6th century		0500	0525				669	275-7, 280-2			Ioannes 	673	605	Ioannes 48		
2655			Gennadius	ܓܝܢܐܕܝܘܣ ܩܫܝܫܐ ܕ ܡܝܢܝܕܘܣ		667	317	M	669	282	A presbyter from Minidus who doubted whether those who lapsed into heresy, but were forgiven, ought to return to their former grade in the ministry	669	282, 283	first 1/4 6th century		0500	0525				669	282, 283								
2759			Stephen	ܣܛܦܢܘܣ		667	318	M	669	284	Archimandrite of Tagais	669	284, 472							0513	669	283-284								
2701			Mark	ܡܪܩܘܣ ܕܝܪܐ ܘܩܫܝܫܐ		667	321	M	669	286	A presbyter and monk of Cilicia mentioned in letters by Severus of Antioch	669	286-89, 290-93	first 1/4 6th century		0500	0525				669	286-89, 290-93								
2617			Basil	ܒܣܝܠܝܘܣ ܐܦܝܣܩܘܦܐ ܕܦܘܡܦܝܘܦܘܠܝܣ		667	324	M	669	289	Bishop of Pompeiupolis in Isauria	669	289	first 1/4 6th century		0500	0525				669	289								
2678			John	ܝܘܚܢܢ ܩܫܝܫܐ ܘܠܘܓܬܝܛܝܣ		667	324	M	669	290	A presbyter and logothete	669	290	first 1/4 6th century		0500	0525				669	290								
2634			Dionysius	ܕܝܘܢܘܣܝܘܣ		667	333	M	669	296	Bishop of Rome and opponent of Arianism	669	335	4th century		0300	0400				669	296								https://en.wikipedia.org/wiki/Pope_Dionysius
2693			Juvian	ܝܘܒܝܐܢܘܣ		667	333	M	669	296	Recipient of a letter from Cyprian regarding the baptism of the sick	669	296	3rd century		0200	0300				669	296								
2697			Magnus	ܡܐܓܢܘܣ		667	333	M	669	296	Recipient of a letter from Cyprian about baptism of the sick and other matters	669	296	3rd century		0200	0300				669	296								
2742			Quintus	ܩܘܐܝܢܛܘܣ		667	333	M	669	296	Bishop and correspondent of Cyrian of Carthage	669	296, 298	3rd century		0200	0300				669	296, 298								
2626			Charisius	ܟܐܪܝܣܝܘܣ ܩܫܝܫܐ ܕܦܝܠܐܕܠܦܝܐ		667	337	M	669	299	A presbyter of Philadelphia in Lydia who exposed a creed by Theodore of Mopsuestia and Nestorius	669	299, 348	5th century		0400	0500				669	299, 348			Charisios	1692	204-07	Charisios		
2651			Eustace	ܐܘܣܛܬܝܘܣ		667	341	M	669	302	Bishop of Antioch who was expelled from his see leading to a schism in Antioch	669	302	4th century		0300	0400				669	302								
2599			Anastasius	ܐܢܣܛܐܣܝܘܣ ܐܦܝܣܩܘܦܐ ܕܥܕܬܐ ܗܝ ܕ̈ܪܗܘܡܝܐ		667	342	M	669	303	Bishop of Rome	669	303	5th century		0400	0500				669	303								
2584			Ambrose	ܐܡܒܪܘܣܝܘܣ		667	343	M	669	304	Bishop of Milan	669	304	4th century		0300	0400				669	304			Ambrosius 	672	52	Ambrosius 3		https://en.wikipedia.org/wiki/Ambrose
2615			Auxentius	ܐܘܟܣܘܢܛܝܣ		667	343	M	669	304	Bishop of Milan	669	304	first 1/4 6th century		0500	0525				669	304								
2713			Theodosius	ܬܐܕܘܣܝܘܣ		667	350	M	669	310	Bishop of Synada in Phrygia Pacatiana who persecuted the Macedonians	669	310	early 5th century		0400	0450				669	310								
2623			Cassian	ܩܐܣܝܐܢܘܣ		667	356	M	669	315	A Palestinian monk who excelled at gifts of the Spirit but was charged with illegally baptizing converts from the Chalcedonian belief.	669	315	first 1/4 6th century		0500	0525				669	315								
2680		2688	John the Rhetor	ܝܘܚܢܢ ܪܗܛܪܐ		667	356	M	669	315	Rhetor of Alexandria denounced by Severus of Antioch	669	315	first 1/4 6th century		0500	0525				669	315								
2743			Romanus	ܪܘܡܢܐ		667	356	M	669	315	An archimandrite in Palestine	669	315	first 1/4 6th century		0500	0525				669	315								
2660			Indacus	ܝܢܕܐܩܘܣ ܐܦܝܣܩܘܦܐ ܕ ܩܘܪܘܩܘܣ		667	360	M	669	318	Bishop of Corycus considered unorthodox by Severus of Antioch	669	318	first 1/4 6th century		0500	0525				669	318								
2754			Simeon	ܫܡܥܘܢ ܩܫܝܫܐ ܐܪܝܫ ܕܝܪܐ ܕܕܝܪܐ ܕܒܬܠܥܕܐ		667	365	M	669	323	Archimandrite of Teleda and a correspondent of Severus of Antioch	669	323	first 1/4 6th century		0500	0525				669	323								
2745			Samuel	ܫܡܘܐܝܠ ܩܫܝܫܐ ܘܪܝܫ ܕܝܪܐ ܕܥܘܗܕܢܐ ܐܝܣܚܩ		667	366	M	669	324	Archimandrite of monastery of lsaac	669	324	first 1/4 6th century		0500	0525				669	324								
2643			Epimachus	ܗܦܝܡܐܟܘܣ ܐܦܝܣܩܘܦܐ ܕܪܝܢܘܩܘܪܘܪܐ		667	369	M	669	326	Bishop of Rhinocorura and non-Chalcedonian	669	326	first 1/4 6th century		0500	0525				669	326								
2752			Silvanus	ܣܝܠܘܐܢܘܣ		667	368	M	669	326	A cleric ordained by Chalcedonians who sought to be received by non-Chalcedonians	669	326, 327	first 1/4 6th century		0500	0525				669	326, 327								
2679			John	ܝܘܚܢܢ ܩܪܘܝܐ ܘܟܬܘܒܐ		667	369	M	669	327	A reader who interpreted dreama and prophesies	669	327	first 1/4 6th century		0500	0525				669	327								
2710			Sergius	ܤܪܓܝܣ ܩܪܘܝܐ		667	369	M	669	327	A reader whom Severus of Antioch criticized for causing harm by relating dream visions and prophesies	669	327	first 1/4 6th century		0500	0525				669	327								
2692			Julian	ܝܘܠܝܢܘܣ ܩܫܝܫܐ		667	373	M	669	330	A presbyter of Alexandria mentioned in a letter of Severus of Antioch	669	330	first 1/4 6th century		0500	0525				669	330								
2602			Anatolius	ܐܢܐܛܘܠܝܘܣ		667	373	M	669	331	Described by Severus of Antioch as a false prophet	669	331-333	first 1/4 6th century		0500	0525				669	331-333								
2659			Hosius	ܐܘܣܝܘܣ		667	375	M	669	332	Archimandrite	669	332	first 1/4 6th century		0500	0525				669	332								
2583			Achillas	ܐܟܝܠܐܣ		667	376	M	669	334	A cleric of Alexandria	669	334	late 5th century		0450	0500				669	334								
2704			Maximus	ܡܐܟܣܝܡܘܣ ܦܝܠܘܣܘܦܐ		667	378	M	669	335	A philosopher and correspondent of Basil of Caesarea	669	335	4th century		0300	0400				669	335				672	584			
2607			Ascalon	ܐܣܩܠܘܢܐ		667	342	M	669	342	A person mentioned in a letter of Severus of Antioch	669	342	first 1/4 6th century		0500	0525				669	342								
2632			Cyrus	ܩܘܪܘܣ		667	386	M	669	342	A cleric who lapsed	669	342-344	first 1/4 6th century		0500	0525				669	342-344								
2650			Eusebuna	ܐܘܣܒܘܢܐ ܐܦܝܣܩܘܦܐ		667	385	M	669	342	A Cappadocian bishop who received a letter from Severus	669	342-345	first 1/4 6th century		0500	0525				669	342-345								
2676			John	ܝܘܚܢܢ ܐܦܝܣܩܘܦܐ		667	389	M	669	345	Bishop of Constantina and a correspondent of Severus of Antioch	669	345-50, 352	first 1/4 6th century		0500	0525				669	345-50, 352								
2771			Thomas	ܬܐܘܡܐ ܐܦܝܣܩܘܦܐ		667	389	M	669	345	Bishop of Dara and a correspondent of Severus of Antioch	669	345-50, 352	first 1/4 6th century		0500	0525				669	345-50, 352								
2630			Cyriac	ܩܘܪܝܐܩܘܣ		667	394	M	669	351	A cleric who led others astray but received clemency from Severus of Antioch	669	351	first 1/4 6th century		0500	0525				669	351								
2666			Isidore	ܐܝܣܝܕܘܪܘܣ		667	406	M	669	360	A monk whom Severus of Antioch describes as deceitful and foxlike	669	360	first 1/4 6th century		0500	0525				669	360								
2686			John of Cappadocia	ܝܘܚܢܢ		667	406	M	669	360	Bishop of Constantinople	669	360	first 1/4 6th century		0500	0525				669	360								https://en.wikipedia.org/wiki/John_of_Cappadocia
2667			Isidore	ܐܝܣܝܕܘܪܘܣ ܕܨܘܪ		667	410	M	669	362	Resident of Tyre who reported to Severus of Antioch a dispute between the readers of Tyre and their bishop Epiphanius	669	362	first 1/4 6th century		0500	0525				669	362								
2606			Archelaus	ܐܪܟܠܐܘܣ ܩܪܘܝܐ ܕܨܘܪ		667	363	M	669	363	A reader from Tyre and recipient of a letter from Severus	669	363	first 1/4 6th century		0500	0525				669	363								
2705			Menas of Tyre	ܡܐܢܐ		667	410	M	669	363	Resident of Tyre who reported to Severus of Antioch a dispute between the readers of Tyre and their bishop Epiphanius	669	363	first 1/4 6th century		0500	0525				669	363								
2780			Valeriana	ܘܐܠܝܐܪܝܐܢܝ ܡܫܡܫܢܝܬܐ ܐܪܝܫܬ ܕܝܪܐ		667	411	F	669	364	An archimandritess and a correspondent of Severus of Antioch	669	364-68	first 1/4 6th century		0500	0525				669	364-68								
2767			Theodore	ܐܒܐ ܬܐܕܘܪܘܣ ܡܫܡܫܢܐ	ܬܐܕܘܪܘܣ ܡܫܡܫܢܐ	667	415	M	669	368	A deacon and monk who corresponded with Severus of Antioch	669	368	first 1/4 6th century		0500	0525				669	368								
2669			Jannia	ܝܐܢܝܐ ܡܫܡܫܢܝܬܐ ܘܪܝܫܬ ܕܝܪܐ		667	415	F	669	368	An archimandritess and correspondent of Severus of Antioch	669	368-371	first 1/4 6th century		0500	0525				669	368-371								
2753			Simeon	ܫܡܥܘܢ ܪܝܫܕܝܪܐ ܕܕܝܪܐ ܪܒܬܐ		667	419	M	669	371	Archimandrite of the great monastery and a correspondent of Severus of Antioch	669	371-73	first 1/4 6th century		0500	0525				669	371-73								
2706			Nonnus/Naunus	ܢܘܢܐ ܕܣܠܘܩܝܐ		1647	17	M	669	373	Bishop of Seleucia in Syria	669	373	first 1/4 6th century		0500	0525				669	373								
2731			Pelagius	ܦܝܠܐܓܝܘܣ		667	420	M	669	373	A monk of Seleucia in Syria charged with bringing his Nestorian brother into the monastery	669	373-76	first 1/4 6th century		0500	0525				669	373-76								
2589			Aelian	ܗܠܝܐܢܘܣ ܩܫܝܫܐ		667	426	M	669	378	A presbyter mentioned in a letter by Severus of Antioch	669	378	first 1/4 6th century		0500	0525				669	378								
2760   			Stephen	ܣܛܦܢܘܣ ܐܦܝܣܩܘܦܐ ܕܐܦܡܝܐ		667	428	M	669	380	Bishop of Apamea and a correspondent of Severus of Antioch	669	380-82	first 1/4 6th century		0500	0525				669	380-82								
2700			Marinus	ܡܐܪܝܢܘܣ		667	429	M	669	381	A chartularius recommended for ordination by Severus of Antioch	669	381	first 1/4 6th century		0500	0525				669	381			Marinus 	673	726-28	Marinus 7		
2622			Calliopius	ܩܐܠܝܘܦܝܘܣ ܦܛܪܝܩܝܘܣ		667	430	M	669	382	A patrician and recipient of letters from Severus	669	382	first 1/4 6th century		0500	0525				669	382			Calliopius 	673	252	Calliopius 6		
2677		2674	John	ܝܘܚܢܢ ܕܝܪܝܐ		667	430	M	669	382	A monk of the monastery of ʿAkiba and associate of Stephen, bishop of Apamea	669	382	first 1/4 6th century		0500	0525				669	382								
2652			Eustace	ܐܘܣܛܬܝܘܣ ܕܝܪܐ		667	432	M	669	384	A monk who received a letter from Severus of Antioch	669	384-386	first 1/4 6th century		0500	0525				669	384-386								
2664			Isidora	ܐܝܣܝܕܘܪܐ		667	435	F	669	386	A correspondent of Severus of Antioch	669	386, 387, 389	first 1/4 6th century		0500	0525				669	386, 387, 389								
2762			Stephen	ܣܛܦܐܢܘܣ ܩܪܘܝܐ		667	440	M	669	391	A reader and a correspondent of Severus of Antioch	669	391-93	first 1/4 6th century		0500	0525				669	391-93								
2750			Sergius	ܣܪܓܝܣ ܦܦܐ ܒܪܒܘܬܐ ܗܘ ܪܝܫܐ ܕܥܡܐ ܕܬܪ̈ܝܢ ܗܘ ܕܣܘܪ̈ܝܝܐ		667	440	M	669	392	Governor of Syria Secunda	669	392	first 1/4 6th century		0500	0525				669	392			Sergius 	673	994	Sergius 4		
2690			Julian	ܝܘܠܝܢܘܣ		667	442	M	669	394	Bishop of Bostra  	669	394	first 1/4 6th century		0500	0525				669	394								
2772   			Thomas	ܬܐܘܡܐ		667	444	M	669	394	A presbyter of Bostra whose ordination came into question when he was castrated for medical reasons	669	394, 395, 396	first 1/4 6th century		0500	0525				669	394, 395, 396								
2638			Dorotheus	ܕܘܪܘܬܐܘܣ		667	443	M	669	395	Mentioned in a letter of Severus of Antioch as someone who caused him trouble	669	395	first 1/4 6th century		0500	0525				669	395								
2614			Aurelius	ܐܘܪܝܠܝܘܣ ܣܟܘܠܣܛܝܩܐ		667	443	M	669	395	A scholastic of bostra and recipient of a letter from Severus of Antioch	669	395, 396	first 1/4 6th century		0500	0525				669	395, 396			Aurelius 	673	201	Aurelius 2		
2682			John the Scribe	ܝܘܚܢܢ ܣܦܪܐ		667	468	M	669	413	A scribe who committed suicide by throwing himself into a river	669	413, 414	first 1/4 6th century		0500	0525				669	413, 414								
2654			Gaian	ܓܐܝܐܢܘܣ		667	469	M	669	415	Bishop of Alexandria opposed by Severus of Antioch	669	415	mid 6th century		0525	0575				669	415								
2668			James	ܝܥܩܘܒ ܓܒܪܐ ܗܘ ܕܒܝܬ ܩܘܡܝܣ		667	469	M	669	415	A kometianos and associate of Severus of Antioch	669	415	first 1/4 6th century		0500	0525				669	415								
2675			John	ܝܘܚܢܢ ܒܪ ܐܦܬܘܢܝܐ ܡܢ ܕܝܪܐ ܕܡܪܝ ܥܩܝܒܐ		1647	14	M	669	415	The son of Aphthonia, archimandrite of Kenneshre	669	415	first 1/4 6th century		0500	0525				669	415								
2718			Zacharias	ܙܟܪܝܐ ܡܫܡܫܢܐ		667	472	M	669	417	A deacon and later presbyter admitted to the presbyterate by Severus of Antioch	669	417	first 1/4 6th century		0500	0525				669	417								
2631			Cyrus the simple	ܩܘܪܐ ܦܫܝܛܐ		667	473	M	669	419	Pseudo-bishop	669	419	5th century		0400	0500				669	419								
2649			Eusebius	ܐܘܣܒܝܘܣ ܩܫܝܫܐ ܘܐܝܩܘܢܘܡܐ		667	474	M	669	419	A presbyter of Antioch who assisted Severus in calling the bishop of Berytus to repentence	669	419	first 1/4 6th century		0500	0525				669	419								
2699			Marinus	ܡܐܪܝܢܘܣ		667	429	M	669	419	Bishop of Berytus and a Eutychian according to Severus of Antioch	669	419	first 1/4 6th century		0500	0525				669	419								
2644			Eubulus	ܐܝܘܒܘܠܘܣ		667	475	M	669	420	Mentioned in a letter of Severus of  Antioch	669	420	first 1/4 6th century		0500	0525				669	420								
2662			Irenaeus	ܐܝܪܝܢܐܘܣ		667	474	M	669	420	A presbyter mentioned in a letter of Severus of Antioch	669	420	first 1/4 6th century		0500	0525				669	420								
2719			Zenobius	ܙܢܘܒ		670	339	M	669	420	Recipient of a letter of Severus of Antioch	670	339	first 1/4 6th century		0500	0525				669	420								
2646			Eupraxius	ܐܝܘܦܪܐܟܣܝܘܣ ܪܝܫܕܝܪܐ ܕܕܝܪܐ ܪܘܡܢܐ		667	477	M	669	422	Archimandrite of the monastery of Romanus	669	422	first 1/4 6th century		0500	0525				669	422								
2758			Stephen	ܣܛܦܢܘܣ ܓܪܡܛܝܩܘܣ		667	479	M	669	423	A grammarian and correspondent of Thecla the countess	669	423	first 1/4 6th century		0500	0525				669	423			Stephanus 	673	1032	Stephanus 23		
2764			Thecla	ܬܩܠܐ ܩܘܡܝܛܝܣܐ		667	479	F	669	423	A countess and correspondent of Severus of Antioch	669	423-27	first 1/4 6th century		0500	0525				669	423-27			Thecla 	673	1064	Thecla 3		
2591			Alypius	ܐܠܘܦܝܘܣ		667	483	M	669	427	Addressee of a letter from Severus of Antioch	669	427-432	first 1/4 6th century		0500	0525				669	427-432								
2582			Abba	ܐܒܐ		667	489	M	669	433	Monk and associate of Severus of Antioch	669	433-36	late 5th-early 6th century		0450	0550				669	433								
2722			Maximus	ܡܐܟܣܝܡܘܣ		667	489	M	669	433	A monk and correspondent of Severus of Antioch	669	433	first 1/4 6th century		0500	0525				669	433								
2766		2712	Theodore	ܬܐܕܘܪܘܣ ܛܪܝܒܘܢܐ ܘܢܘܛܪܐ		667	492	M	669	436	A tribune and notary who corresponded with Severus of Antioch	669	436-39	first 1/4 6th century		0500	0525				669	436-39			Theodorus 	673	1095	Theodorus 54		
2608			Asclepius	ܐܣܩܠܝܦܝܘܣ		667	495	M	669	439	A tribune and notary	669	439	first 1/4 6th century		0500	0525				669	439								
2685			John	ܝܘܚܢܢ		667	496	M	669	439	A correspondent of Severus of Antioch	669	439	first 1/4 6th century		0500	0525				669	439								
2712		2766	Theodore	ܬܐܕܘܪܘܣ ܕܝܪܝܐ ܒܘܙܢܛܝܐ		667	499	M	669	442	A monk of Byzantium and brother-in-law of prefects who left his family to become a monk and then wanted to return to the world	669	442-47	first 1/4 6th century		0500	0525				669	442-47								
2596			Anastasia	ܐܢܣܛܣܝܐ ܗܘܦܛܣܝܐ		667	512	F	669	455	A hypatissa and recipient of a letter from Severus of Antioch	669	455, 457	first 1/4 6th century		0500	0525				669	455, 457			Anastasia 	673	76	Anastasia 2		
2588			Aegilas	ܐܝܓܝܠܐܣ		667	516	M	669	459	Oppressor of the church of Antioch according to Severus	669	459	first 1/4 6th century		0500	0525				669	459			Aegilas	673	13	Aegilas		
2640			Elisha	ܐܠܝܫܥ ܡܝܛܪܘܦܘܠܝܛܝܣ ܕܢܨܝܒܝܢ		667	520	M	669	463	Bishop of Nisibis who acquired the letters of Severus of Antioch	669	463	669	0699						669	463-64								
	1014		Athanasius					M	669	464	A presbyter and translator of a collection of Severus' letters from Greek into Syriac	669	464	669	0699						669	464								
2633			Daniel	ܕܢܝܐܝܠ ܐܦܝܣܩܘܦܐ ܕܐܘܪܗܝ		667	521	M	669	464	Bishop of Edessa who commissioned the translation of a collection of Severus of Antioch's letters into Syriac	669	464	669	0699						669	464			Daniel of Edessa	5		Daniel of Edessa	http://www.csc.org.il/db/browse.aspx?db=SB&sL=D&sK=Daniel%20of%20Edessa&sT=keywords	http://www.csc.org.il/db/browse.aspx?db=SB&sL=D&sK=Daniel%20of%20Edessa&sT=keywords
	1013		Severus	ܣܐܘܪܐ ܩܫܝܫܐ ܕܢܨܒܢܝܐ		667	521	M	669	464	Presbyter of Nisibis and assistant of Athanasius of Nisibis in translating the letters of Severus of Antioch into Syriac	669	464	669	0699						669	464								
2590			Agapetus	ܐܓܘܦܛܘܣ		667	351	M	669	311	Bishop of Synada and leader of the religious party of Macedonius	669	311, 312	early 5th century		0400	0450				1651	154	VII.3	http://www.ccel.org/ccel/schaff/npnf202.ii.x.iii.html						
	1679		Didymus the Blind	ܕܝܕܘܡܘܣ ܐܦܝܣܩܘܦܐ		666	189	M	668	171	Ecclesiastical author and head of the school of Alexandria	1651	294			0300	0400				1693	294	III.15	http://www.ccel.org/ccel/schaff/npnf202.iii.viii.xv.html						
2505			Evagrius	ܐܘܓܪܝܘܣ		666	249	M	669	302	Bishop of Antioch accused of receiving uncanonical ordination from Paulinus	669	302	late 4th century		0350	0400				1652	148	V.23	http://www.ccel.org/ccel/schaff/npnf203.iv.viii.v.xxiii.html						https://en.wikipedia.org/wiki/Evagrius_of_Antioch
2777		2776	Urban	ܐܘܪܒܐܢܘܣ ܓܪܡܛܝܩܘܣ		1650	37	M	1649	51-52	Professor of Latin Grammar in Constantinople	1649	51-52	late 5th-early 6th century		0450	0550				1649	51-52			Urbanus 	673	1188	Urbanus 2		
2739			Poemen	ܐܒܐ ܦܘܡܝܢ	ܦܘܡܝܢ	667	435	M	669	387	An Egyptian monk	669	387	late 4th century		0350	0400				1677	206								https://en.wikipedia.org/wiki/Poemen
***	2265		Anastasius																											
***	1594		Antony																											
***	2266		Arcadius																											
***	354		Athanasius I																											
***	376		Basil																											
***	2249		Constantius																											
***	430		Cyril																											
***	451		Diodorus																											
***	2271		Emperor Theodosius I																											
	1529		Emperor Theodosius II	ܬܐܘܕܘܣܝܘܣ ܡܠܟܐ		671	85																							
***	958		Eusebius																											
	480		Eusebius Pamphili	ܐܘܣܘܒܝܣ ܕܦܡܦܝܠܘܣ		670	268																							
***	482		Eutyches																											
***	512		Gregory																											
***	511		Gregory of Nazianzus																											
***	513		Gregory Thaumaturgus																											
***	534		Hiba																											
***	2267		Honorius																											
	544		Ignatius																											https://en.wikipedia.org/wiki/Ignatius_of_Antioch
	847		Irenaeus	ܐܝܪܝܢܐܘܣ ܗܘ ܬܪܝܝ ܙܘ̈ܘܓܐ		666	151																							
***	1793		Isaiah																											
***	564		Isidore of Pelusium																											
***	573		John Chrysostom																											
***	2283		Julian																											
***	579		Julian																											
	2163		Julius																											https://en.wikipedia.org/wiki/Pope_Julius_I
***	2284		Justinian																											
	2299		Leo	ܠܐܘܢ ܪܝܫ ܡܘܬܒܐ ܕܪܗܘܡܐ		670	265				Bishop of Rome	670	265																	
***	2270		Leo I																											
***	1855		Luke																											
***	608		Mani																											
***	616		Marcion																											
***	874		Mari the Persian																											
***	102		Matthew																											
2703			Matthew the Evangelist	ܡܬܝ ܐܘܢܓܠܣܛܐ		671	269	M	671	269	Author of the Gospel of Matthew	671	269	1st century		0000	0100													https://en.wikipedia.org/wiki/Matthew_the_Apostle
***	1918/1919		Meletius																											
***	655		Nestorius																											
***	56		Oecumenius																											
	2281		Patrick	ܦܛܪܝܩܝܘܣ ܣܛܪܛܝܠܐܛܝܣ		666	4 																		Fl. Patricius 	673	840-42	Fl. Patricius 14		
***	1984		Paul																											
***	400		Pelagia																											
***	2008		Peter																											
	680		Peter the Iberian	ܦܛܪܘܣ ܕܡܢ ܝܒܗܪܝܐ		666	8																							
***	2001/44		Philoxenus																											
***	688		Proclus																											
***	744		Simeon the Stylite																											
	849	2429, 2658	Socrates																						Socrates 	673	1019	Socrates 3		
***	779		Theodora																											
***	780		Theodore																											
***	781		Theodoret																											
***	784		Theodosius																											
***	786		Theodotus																											
***	57		Thomas																											
	792		Timothy II Aelurus	ܛܝܡܘܬܐܘܣ ܪܝܫ ܐܦ̈ܝܣܩܘܦܐ ܕܗܝ ܕܐܠܟܘܢܕ̈ܪܝܐ		667	393																							
	58		Zacharias	ܙܟܪܝܐ ܣܟܘܠܣܛܝܩܐ		670	275																		Zacharias (the Rhetor)	673	1194-95	Zacharias (the Rhetor) 4		
***	717		Zacharias																											
2717			Zacharias of Pelusium	ܙܟܪܝܐ ܕܦܝܠܘܣܝܘܢ		667	282	M	669	249	Recipient of a letter from Severus of Antioch about the adornment of church buildings	669	249-53	first 1/4 6th century		0500	0525													
***	2273		Zeno																											